Province/Territoire,Volet,Employeur,Adresse,Profession sous CNP 2011,Postes demandes
Terre-Neuve-et-Labrador,   Bas salaire,White Crescent Variety Inc.,"Happy Valley- Goose Bay, NL A0P 1E0",6421-Vendeurs - commerce de détail,1
Nouvelle-Écosse,    Haut salaire,N&N Electric Motor Specialists Ltd,"Dartmouth, NS B3A 1H8",2242-Électroniciens d'entretien (biens domestiques et commerciaux),1
,,,,7333-Électromécaniciens,1
,   Bas salaire,3226198 Nova Scotia Ltd,"Centreville, NS B0P 1J0",7312-Mécaniciens d'équipement lourd,1
Nouveau-Brunswick,    Haut salaire,Quality Transportation Services (NB) Ltd,"Jacksonville, NB E7M 3S1",7511-Conducteurs de camions de transport,5
,,UC Education Inc.,"Frederitcon, NB E3B 1B1","0014-Cadres supérieurs - santé, enseignement, services sociaux et communautaires et associations mutuelles",1
,   Bas salaire,Fenety Convenience Store Ltd.  o/a Blue Canoe,"Waasis, NB E3B 9E1",6322-Cuisiniers,3
,,Violette Motors Ltd.,"Edmundston, NB E7C 0C1","7321-Mécaniciens et réparateurs de véhicules automobiles, de camions et d'autobus",1
,  Agriculture primaire,Cavendish Farms Corp,"Dieppe, NB E1A 6X4",8431-Ouvriers agricoles,6
Québec,    Haut salaire,9320-0228 Quebec Inc.,"Ancienne Lorette, QC G2E 5G3",6322-Cuisiniers,1
,,ARTITALIA GROUP INC,"Montreal, QC H1E 7J8",7311-Mécaniciens de chantier et mécaniciens industriels,1
,,CVCM Inc.,"Québec, QC G1V 0E9",6411-Représentants des ventes et des comptes - commerce de gros (non-technique),1
,,ÉCOLE DE PILOTAGE SAINT-HUBERT INC.,"Saint-Hubert, QC J3Y 8Y9","2271-Pilotes, navigateurs et instructeurs de pilotage du transport aérien",1
,,Environnement routier NRJ Inc.,"Lachine, QC H8R 1K6",7312-Mécaniciens d'équipement lourd,1
,,Makki & Mittsu Inc,"Montréal, QC H2V 4G9",6321-Chefs,1
,,Ministères Enseignemoi,"Waterloo, QC J0E 2N0",5225-Techniciens en enregistrement audio et vidéo,1
,,MMS Laser,"Victoriaville, QC G6T 2A9",7237-Soudeurs et opérateurs de machines à souder et à braser,3
,,Odotech Inc.,"MONTRÉAL, QC H3V 1A2",2281-Techniciens de réseau informatique,1
,,Optimacell Inc o/a Mobile Snap,"LAVAL, QC H7P 6E4",7246-Installateurs et réparateurs de matériel de télécommunications,2
,,Productions Double Negative Montréal Ltée,"MONTRÉAL, QC H2Y 1A6",5241-Designers graphiques et illustrateurs,1
,,PRODUITS D'ACIER HASON INC. (LES),"LANORAIE, QC J0K 1E0",7237-Soudeurs et opérateurs de machines à souder et à braser,3
,,Produits de construction Derby inc.,"St-Augustin-de-Desmaures, QC G3A 2K1",2232-Technologues et techniciens en génie mécanique,1
,,Restaurant Normandin (2014) Inc.,"Québec, QC G2B 1B3",6322-Cuisiniers,1
,,Shipco Transport (Canada) inc.,"Lachine, QC H8T 1A4",0731-Directeurs des transports,1
,,Studios Framestore Inc.,"Montréal, QC H2T 3B3",5241-Designers graphiques et illustrateurs,1
,,Tianjin Inspiration et créativité Sci-tech Développement Inc.,"Montreal, QC H2Y 2W8","0013-Cadres supérieurs - services financiers, communications et autres services aux entreprises",1
,,"Zef Scientific, Inc.","Dorval, QC H9P 1J8",2241-Technologues et techniciens en génie électronique et électrique,1
,   Bas salaire,9222-6737 Québec Inc.,"Montreal, QC H2X 3K8",0631-Directeurs de la restauration et des services alimentaires,1
,,9348-5407 Québec inc,"Dollard-des-Ormeaux, QC H9B 2K4","5254-Animateurs et responsables de programmes de sports, de loisirs et de conditionnement physique",1
,,CLUB DE GYMNASTIQUE LES RÉFLEXES INC.,"Boucherville, QC J4B 1Z6",5252-Entraîneurs,1
,,Les Entreprises Marvais Inc.,"Boucherville, QC J4B 5E4",0631-Directeurs de la restauration et des services alimentaires,1
,,Nab Kebab Inc.,"Rimouski, QC G5L 2L2",6322-Cuisiniers,1
,,Restaurant Calao Inc.,"QUÉBEC, QC G1V 0C1",6321-Chefs,1
,,Servodirection DSG inc.,"Québec, QC G2J 1P7",7445-Autres réparateurs et préposés à l'entretien,1
,,Sushi Shop Campus Inc.,"Montréal, QC H2X 3X2",6322-Cuisiniers,1
,,Usinage Nado inc.,"Sherbrooke, QC J1L 1K4","9416-Opérateurs de machines à travailler les métaux légers et lourds, et de machines de formage",2
Ontario,    Haut salaire,1161132 Ontario Limited,"MISSISSAUGA, ON L5T 2E1","1123-Professionnels en publicité, en marketing et en relations publiques",1
,,1261535 Ontario Limited.,"Markham, ON L6E 0L4",6322-Cuisiniers,1
,,1263591 Ontario Limited O/A Cynthia's Chinese Restaurant,"Vaughan, ON L4J 7Y3",6322-Cuisiniers,1
,,1530483 Ontario Inc.,"Cambridge, ON N3C 1E9",0631-Directeurs de la restauration et des services alimentaires,1
,,1542766 Ontario Inc. O/A Fix-Rite Auto Tech,"Mississauga, ON L5T 1E6",0621-Directeurs - commerce de détail et de gros,1
,,1734233 Ontario Ltd.,"Etobicoke, ON M6J 1X5",7281-Briqueteurs-maçons,1
,,2056032 Ontario Ltd. o/a Trio Ristorante Pizzeria,"Toronto, ON M4N 2L5",6322-Cuisiniers,1
,,2063490 Ontario Inc.,"Concord, ON L4K 3Z3",7511-Conducteurs de camions de transport,3
,,2079644 Ontario Inc.,"Woodbridge, ON L4H 3T6",0631-Directeurs de la restauration et des services alimentaires,1
,,2175706 Ontario Inc- DBA Empress of India,"CAMBRIDGE, ON N3C 2V4",0631-Directeurs de la restauration et des services alimentaires,1
,,2207801 Ontario Inc.,"Brampton, ON L6W 1M6",6222-Acheteurs des commerces de détail et de gros,1
,,2226004 Ontario Ltd.,"MARKHAM, ON L3S 0B6",1223-Agents des ressources humaines et de recrutement,1
,,2318328 Ontario Ltd,"Mississauga, ON L5V 2X8",0621-Directeurs - commerce de détail et de gros,1
,,2347191 Ontario Inc.,"North York, ON M2M 2M6",0621-Directeurs - commerce de détail et de gros,1
,,2350936 Ontario Inc.,"Brampton, ON L6Y 5K4",1221-Agents d'administration,1
,,2389080 Ontario Inc,"Pickering, ON L1W 1G4",6322-Cuisiniers,1
,,2432146 Ontario Inc.,"Markham, ON L3R 1H3",1221-Agents d'administration,1
,,2442018 Ontario Limited,"Toronto, ON M5V 3X8",0631-Directeurs de la restauration et des services alimentaires,1
,,2449603 Ontario Inc.,"Toronto, ON M6L 2H8","6313-Superviseurs des services d'hébergement, de voyages, de tourisme et des services connexes",1
,,2458524 Ontario Inc.,"TORONTO, ON M5T 2H1",6322-Cuisiniers,5
,,786 Ummah Investments Corp.,"Brampton, ON L6P 0S2",6211-Superviseurs des ventes - commerce de détail,1
,,792839 Ontario Inc.,"Timmins, ON P4N 8S3",7333-Électromécaniciens,2
,,9339396 Canada Inc,"Toronto, ON M5J 3A7",0631-Directeurs de la restauration et des services alimentaires,1
,,949710 Ontario Limited,"Mississauga, ON L4T 3M6",7322-Débosseleurs et réparateurs de carrosserie,1
,,Abacus Growth Agency Incorporated,"TORONTO, ON M5V 2A5","1123-Professionnels en publicité, en marketing et en relations publiques",1
,,ABS Associates Inc. O/A The Khana Sutra,"Brampton, ON L6S 5X9",6321-Chefs,2
,,Almer Corporation,"RICHMOND HILL, ON L4B 3A8",2175-Concepteurs et développeurs Web,1
,,Alpha Comfort Control Ltd.,"MISSISSAUGA, ON L5L 1J9","7321-Mécaniciens et réparateurs de véhicules automobiles, de camions et d'autobus",1
,,Amar Transport Inc.,"Kleinburg, ON L0J 1C0",7511-Conducteurs de camions de transport,10
,,Andy Stieva Trucking Ltd.,"BEAMSVILLE, ON L0R 1B0",7511-Conducteurs de camions de transport,1
,,Apollon Ironworks,"NORTH YORK, ON M3J 2N1",7237-Soudeurs et opérateurs de machines à souder et à braser,1
,,Arcadian Projects Ltd.,"BADEN, ON N3A 3J7",2232-Technologues et techniciens en génie mécanique,1
,,AS General Contracting And Investment,"Scarborough, ON M1X 1E7",0711-Directeurs de la construction,1
,,ASIA PACIFIC INTERNATIONAL INC,"Toronto, ON M5C 2M6",2252-Designers industriels,2
,,Awecademy Corp.,"Toronto, ON M5V 0G9","0014-Cadres supérieurs - santé, enseignement, services sociaux et communautaires et associations mutuelles",1
,,B Negative LLC,"SCARBOROUGH, ON M1N 4B5","5131-Producteurs, réalisateurs, chorégraphes et personnel assimilé",1
,,Bella Vista Restaurant 1991,"Ottawa, ON K1V 7T5",6321-Chefs,1
,,Besi Auto Collision LTD.,"Toronto, ON M6R 2C1","7321-Mécaniciens et réparateurs de véhicules automobiles, de camions et d'autobus",1
,,Brascan Molds Corporation,"Mississauga, ON L5S 1V3",9417-Opérateurs de machines d'usinage,1
,,Campechano Inc.,"Toronto, ON M5V 1T5",6321-Chefs,1
,,Carrier Truck Centres Inc.,"Woodstock, ON N4S 7V8","1215-Superviseurs du personnel de coordination de la chaîne d'approvisionnement, du suivi et des horaires",1
,,Century 3000 Auto Collision Center LTD,"Etobicoke, ON M8Z 5K2",7322-Débosseleurs et réparateurs de carrosserie,3
,,Challenges Unlimited Inc. (CUI),"Bracebridge, ON P1L 1X4",2264-Inspecteurs en construction,1
,,Circle Productions Ltd,"Toronto, ON M5V 1T2","5131-Producteurs, réalisateurs, chorégraphes et personnel assimilé",1
,,Comfort Hospitality Inc.,"Niagara Falls, ON L2G 6A4","6313-Superviseurs des services d'hébergement, de voyages, de tourisme et des services connexes",1
,,Compound Metal Coatings Inc.,"Mississauga, ON L5T 1L9",2232-Technologues et techniciens en génie mécanique,1
,,Concept Plastics Ltd.,"Brantford, ON N3T 1X5",0911-Directeurs de la fabrication,2
,,Davis Controls Limited,"Oakville, ON L6H 5R3",6221-Spécialistes des ventes techniques - commerce de gros,1
,,Denny's Auto Wash Inc.,"Oakville, ON L6J 7T5",6315-Surveillants des services de nettoyage,1
,,Dr. Maryam Adibfar Dentistry Professional Corp.,"Toronto, ON M4S 1Y2",1221-Agents d'administration,1
,,EarthSoft Canada Inc.,"Leamington, ON N8H 5C9",2113-Géoscientifiques et océanographes,1
,,Elgra Inc.,"Vaughan, ON L4K 2M9",6421-Vendeurs - commerce de détail,1
,,ENGA Controls Inc.,"Toronto, ON M9W 5P1",7242-Électriciens industriels,1
,,Esras Fashion Accessories Ltd,"Mississauga, ON L5H 3V1","0013-Cadres supérieurs - services financiers, communications et autres services aux entreprises",1
,,Falcon Motor Xpress Ltd,"CALEDON, ON L7C 2X3",7511-Conducteurs de camions de transport,1
,,Farrage Developments Inc,"Toronto, ON M2R 2P3",0711-Directeurs de la construction,1
,,,,0712-Gestionnaires et rénovateurs en construction domiciliaire,1
,,Fila Metal Polishing and Buffing,"Scarborough, ON M1S 3J2",9612-Manoeuvres en métallurgie,1
,,Firenza Plumbing & Heating Ltd.,"North York, ON M3L 1G5",7251-Plombiers,1
,,Gem Dental Studio,"Sarnia, ON N7T 5W3",3223-Technologues et techniciens dentaires et auxiliaires dans les laboratoires dentaires,1
,,General Dynamics Land Systems-Canada,"London, ON N5V 2Z7",2132-Ingénieurs mécaniciens,1
,,Ghazale on Wellesley Inc.,"Markham, ON L3R 2N7",0631-Directeurs de la restauration et des services alimentaires,1
,,Ghumman & Partners LLP,"MISSISSAUGA, ON L5T 2J8",1311-Techniciens en comptabilité et teneurs de livres,1
,,GKN Sinter Metals - St. Thomas,"St. Thomas, ON N5P 1H1",0211-Directeurs des services de génie,1
,,Harmony Hyundai Inc.,"Rockland, ON K4K 1J8",0621-Directeurs - commerce de détail et de gros,1
,,Hood Cleaners of America Inc.,"Mississauga, ON L4W 2Z8",0714-Directeurs de l'exploitation et de l'entretien d'immeubles,1
,,Hylan Group Inc.,"Toronto, ON M5H 3K6",0711-Directeurs de la construction,1
,,Iknoor Trucking Inc.,"Brampton, ON L6Y 0X2",7511-Conducteurs de camions de transport,4
,,Imam Hussian - Association,"Scarborough, ON M1V 5J5",5212-Personnel technique des musées et des galeries d'art,1
,,J.C. Williams Group Limited,"Toronto, ON M5C 1P1","0124-Directeurs de la publicité, du marketing et des relations publiques",1
,,Jeem Services Ltd.,"Kitchener, ON N2P 2H8",0711-Directeurs de la construction,1
,,JOHNSON PLAYFAIR INC.,"Toronto, ON M4M 2L3",7281-Briqueteurs-maçons,1
,,Korbitec Inc,"Toronto, ON M5C 1B5",2174-Programmeurs et développeurs en médias interactifs,1
,,KPG Canada Inc.,"Bolton, ON L7E 1E5",2233-Technologues et techniciens en génie industriel et en génie de fabrication,1
,,KSB Pumps Inc.,"Mississauga, ON L4W 3N8","0016-Cadres supérieurs - construction, transport, production et services d'utilité publique",1
,,Little Guys Delivery Services Inc.,"Markham, ON L3R 9R7","1215-Superviseurs du personnel de coordination de la chaîne d'approvisionnement, du suivi et des horaires",1
,,LJP Corporation o/a Hockley Valley Resort,"Mono, ON L9W 5X7",6321-Chefs,1
,,London Eco-Roof Manufacturing Inc.,"Dorchester, ON N0L 1G4",7291-Couvreurs et poseurs de bardeaux,4
,,Merinos Carpet Inc.,"MISSISSAUGA, ON L5T 1V9","1215-Superviseurs du personnel de coordination de la chaîne d'approvisionnement, du suivi et des horaires",1
,,MJR Contractors Ltd.,"Mississauga, ON L4Z 1C2",7271-Charpentiers-menuisiers,1
,,Moonstone Quartz Inc. o/a Lucent Quartz,"CONCORD, ON L4K 3M9",6222-Acheteurs des commerces de détail et de gros,1
,,"NRT Canada, Inc.","Tibury, ON N0P 2L0",6221-Spécialistes des ventes techniques - commerce de gros,1
,,OPC TV Inc.,"TORONTO, ON M5A 2N4","5131-Producteurs, réalisateurs, chorégraphes et personnel assimilé",1
,,OTT Financial Inc.,"North York, ON M2N 6L7","0124-Directeurs de la publicité, du marketing et des relations publiques",1
,,PakCan Kashmir Handicrafts Ltd.,"Brampton, ON L6T 5T1",0621-Directeurs - commerce de détail et de gros,1
,,Paz Roofing and Waterproofing Corporation,"Thornhill, ON L3T 2C6",7205-Entrepreneurs et contremaîtres des autres métiers de la construction et des services de réparation et d'installation,1
,,Pointone Graphics Inc.,"Etobicoke, ON M8Z 5J4","0124-Directeurs de la publicité, du marketing et des relations publiques",1
,,Pranav Dave Professional Corporation,"Brampton, ON L7A 0S9",1221-Agents d'administration,1
,,QBuild Corporation,"Markham, ON L3R 1E6",2174-Programmeurs et développeurs en médias interactifs,1
,,Right To Play International,"Toronto, ON M5C 1C4","4164-Recherchistes, experts-conseils et agents de programmes en politiques sociales",1
,,Royal Red Builders,"VAUGHAN, ON L4K 5L1",7611-Aides de soutien des métiers et manoeuvres en construction,1
,,Sanjha Punjab Radio and TV Inc.,"BRAMPTON, ON L6S 5Z4","0651-Directeurs du service à la clientèle et des services personnels, n.c.a.",1
,,SNZ Trading Inc.,"Concord, ON L4K 2E8",6411-Représentants des ventes et des comptes - commerce de gros (non-technique),1
,,"Soft Citizen, Inc","TORONTO, ON M5A 2N4","5131-Producteurs, réalisateurs, chorégraphes et personnel assimilé",2
,,St. Johns Family Dentistry,"Toronto, ON M5H 3K6",0311-Directeurs des soins de santé,1
,,Steam Films Inc.,"TORONTO, ON M5A 2N4","5131-Producteurs, réalisateurs, chorégraphes et personnel assimilé",2
,,Strellci Walls Inc.,"Etobicoke, ON M9P 3J5",7271-Charpentiers-menuisiers,1
,,Taj Contactors Ltd.,"Bolton, ON L7E 3S3",7282-Finisseurs de béton,2
,,The Floral Express Inc.,"Woodstock, ON N4S 7V8",0111-Directeurs financiers,1
,,Top Star Foods Trading Ltd.,"Scarborough, ON M1B 2G1",1241-Adjoints administratifs,1
,,United Canadian Muslim Association of Ontario Inc.,"Toronto, ON M4L 3A1",6321-Chefs,1
,,Vision Entertainment Inc.,"Toronto, ON M6A 2A4","5131-Producteurs, réalisateurs, chorégraphes et personnel assimilé",1
,,VXG Inc.,"Toronto, ON M5M 1A3","1123-Professionnels en publicité, en marketing et en relations publiques",1
,   Bas salaire,1177975 Ontario Ltd,"Etobicoke, ON M9V 1B4",6311-Superviseurs des services alimentaires,1
,,1413504 Ontario Limited,"Windsor, ON N9E 4Z2","9619-Autres manoeuvres des services de transformation, de fabrication et d'utilité publique",3
,,1448726 Ontario Limited,"Toronto, ON M8Z 1T8",0631-Directeurs de la restauration et des services alimentaires,1
,,1485204 Ontario Inc.,"Port Perry, ON L9L 1P9",6322-Cuisiniers,1
,,1498403 Ontario Inc o/a Petro Canada,"WINDSOR, ON N8T 1E9",6211-Superviseurs des ventes - commerce de détail,1
,,1520636 Ontario Inc,"Brampton, ON L6R 2K7",0631-Directeurs de la restauration et des services alimentaires,1
,,1550034 Ontario Inc. o/a Warraich Meat Shop Inc.,"BRAMPTON, ON L6R 1T4",6322-Cuisiniers,1
,,1554366 Ontario Inc o/a Fergus Esso,"Fergus, ON N1M 2L2",6621-Préposés de stations-service,1
,,1574626 Ontario Inc. O/A Auto Spa Express,"Burlington, ON L7L 5H9",6611-Caissiers,1
,,1958380 Ontario Inc. o/a Koja Restaurant,"Toronto, ON M6K 1X9",6322-Cuisiniers,1
,,2024232 Ontario Inc o/a Galleria Supermarket,"Vaughan, ON L4K 2A6",6211-Superviseurs des ventes - commerce de détail,1
,,2073981 Ontario Inc.  o/a Tacorrito,"Toronto, ON M8X 2W8",0631-Directeurs de la restauration et des services alimentaires,1
,,2074874 Ontario Inc.,"Mississauga, ON L5T 2V9",6322-Cuisiniers,2
,,2213884 Ontario Inc,"Mississauga, ON L4T 1A6",6322-Cuisiniers,1
,,2246928 Ontario Inc.,"Barrie, ON L4N 8J7",6315-Surveillants des services de nettoyage,1
,,2290082 Ontario Inc.,"Toronto, ON M6C 2E3",4216-Autres instructeurs,1
,,2290312 Ontario LTD,"Alliston, ON L9R 1V2",7511-Conducteurs de camions de transport,2
,,2294671 Ontario Inc. o/a Lahore Tikka House,"Toronto, ON M4L 1Z3",0631-Directeurs de la restauration et des services alimentaires,1
,,2320610 Ontario Inc. o/a Active Security Enterprises,"BRAMPTON, ON L6Y 0P6",1311-Techniciens en comptabilité et teneurs de livres,1
,,2329848 Ontario Inc.,"Toronto, ON M6P 1Y9",6322-Cuisiniers,1
,,2391866 Ontario Ltd,"Toronto, ON M5V 1M5",0631-Directeurs de la restauration et des services alimentaires,1
,,2436853 Ontario Inc.  o/a Kibo Sushi House,"Toronto, ON M6C 1B2",6321-Chefs,1
,,2439734 Ontario Inc,"Niagara Falls, ON L2H 0B6",0631-Directeurs de la restauration et des services alimentaires,2
,,2458098 Ontario Inc. o/a Shell Canada,"ETOBICOKE, ON M8V 1H4",6211-Superviseurs des ventes - commerce de détail,1
,,2463175 Ontario Inc,"Ignace, ON P0T 1T0","4412-Aides familiaux résidents, aides de maintien à domicile et personnel assimilé",1
,,,,"6313-Superviseurs des services d'hébergement, de voyages, de tourisme et des services connexes",1
,,,,6322-Cuisiniers,1
,,2560655 Ontario Inc.,"Barrie, ON L4N 6C8",6322-Cuisiniers,1
,,7905815 Canada Ltd.,"Fort Erie, ON L2A 2S4",1311-Techniciens en comptabilité et teneurs de livres,1
,,8157685 Canada Ltd,"Kenora, ON P9N 1L9",6321-Chefs,1
,,891990 Ontario Inc,"Mississauga, ON L4V 1V5",1311-Techniciens en comptabilité et teneurs de livres,1
,,9023674 Canada Inc,"Pembroke, ON K8A 2E8",6311-Superviseurs des services alimentaires,1
,,Ace Rivet & Fastener Inc,"Brampton, ON L6T 4L8",7445-Autres réparateurs et préposés à l'entretien,1
,,Actinolite Inc.,"Toronto, ON M6G 3V5",6322-Cuisiniers,1
,,Ah-So Fine Foods Inc.,"London, ON N6L 1C6",6322-Cuisiniers,1
,,Aitas Japanese Immersion School Inc.,"TORONTO, ON M5S 2V6",4216-Autres instructeurs,1
,,Al-Risala Academy LTD.,"Mississauga, ON L4Y 4A2",4021-Enseignants au niveau collégial et autres instructeurs en formation professionnelle,1
,,Angel's Retirement Home,"St Catharines, ON L2P 2Y3","3413-Aides-infirmiers, aides-soignants et préposés aux bénéficiaires",1
,,BB Haulage Inc,"Ajax, ON L1Z 0B8",7511-Conducteurs de camions de transport,2
,,Big Cannoli Lane Inc.,"Woodbridge, ON L4L 4K9",6321-Chefs,1
,,Boston Group Hospitality Ltd.  o/a Tandoori Flame,"Brampton, ON L6T 5N9",6322-Cuisiniers,3
,,Bust Mold Inc.,"Ottawa, ON K2A 3Y3",7611-Aides de soutien des métiers et manoeuvres en construction,1
,,Canada YiFeng Trade Company Inc.,"Toronto, ON M1V 4W7",6321-Chefs,1
,,Carinderia by DFlores Inc.,"Mississauga, ON L4W 1K3",6322-Cuisiniers,2
,,Church Aperitivo Bar,"Toronto, ON M6J 1H7",6321-Chefs,1
,,Copa-Cabana Brazilian Steakhouse,"NIAGARA FALLS, ON L2E 7G9",6322-Cuisiniers,2
,,Custom Orthotics of London Inc.,"London, ON N6B 2H6",3219-Autres technologues et techniciens des sciences de la santé (sauf soins dentaires),1
,,Desi Bar & Grill Ltd.,"Mississauga, ON L4W 4C3",0631-Directeurs de la restauration et des services alimentaires,1
,,DHG 10 Inc o/a A&W Restaurant,"Mississauga, ON L5W 1T2",6311-Superviseurs des services alimentaires,1
,,Dr. Timothy Tsang & Dr. Miranda Mok Optometry Professional Corporation,"Vaughan, ON L6A 4P8",3231-Opticiens d'ordonnances,1
,,Falcon Motor Xpress Ltd,"CALEDON, ON L7C 2X3",1311-Techniciens en comptabilité et teneurs de livres,1
,,Fromagerie Cooperative St-Albert Inc,"St-Albert, ON K0A 3C0","9617-Manoeuvres dans la transformation des aliments, des boissons et des produits connexes",1
,,Frontier Heating & Air Conditioning Inc.,"Brampton, ON L6X 0A4",1311-Techniciens en comptabilité et teneurs de livres,1
,,Fur Boutique Ltd.,"London, ON N6C 3P6","6342-Tailleurs, couturiers, fourreurs et modistes",1
,,GopalKrishna Inc.,"Brampton, ON L7A 0K7",6311-Superviseurs des services alimentaires,1
,,Greenwood Enterprises Inc.,"Huntsville, ON P1H 2K8",6311-Superviseurs des services alimentaires,4
,,,,"6711-Serveurs au comptoir, aides de cuisine et personnel de soutien assimilé",2
,,Gum Gone Graffiti Gone Ltd.,"Toronto, ON M4E 1G3",6732-Nettoyeurs spécialisés,1
,,Gusto Pizzaria Inc.,"Brampton, ON L6X 1M9",6322-Cuisiniers,1
,,Highland Poultry Fine Foods,"Hamilton, ON L8W 2E1","6331-Bouchers, coupeurs de viande et poissonniers - commerce de gros et de détail",3
,,JC Superior Siding Inc.,"Toronto, ON M9C 4S7","7441-Personnel d'installation, d'entretien et de réparation d'équipement résidentiel et commercial",1
,,K&L Francis Inc.,"Huntsville, ON P1H 2K8",6311-Superviseurs des services alimentaires,3
,,K&P Enterprises Inc.,"TORONTO, ON M3J 3N3",6322-Cuisiniers,1
,,Kochin Kitchen Inc.,"Ottawa, ON K1N 7E5",6322-Cuisiniers,1
,,Lakeside Produce Inc.,"Leamington, ON N8H 3V5","9617-Manoeuvres dans la transformation des aliments, des boissons et des produits connexes",6
,,Loki Auto Cosmetics Inc.,"Aurora, ON L4G 1J1",6732-Nettoyeurs spécialisés,1
,,Medex Fish Importing & Exporting Co. Ltd.,"Vaughan, ON L4L 9N6",9463-Ouvriers dans les usines de transformation du poisson et de fruits de mer,1
,,Morning Owl Coffeehouse Kanata Inc.,"Ottawa, ON K4A 4W8",6322-Cuisiniers,1
,,Norwich Packers Ltd,"Norwich, ON N0J 1P0","9617-Manoeuvres dans la transformation des aliments, des boissons et des produits connexes",2
,,NSafe Engineering Inc.,"ETOBICOKE, ON M9W 4N3",7237-Soudeurs et opérateurs de machines à souder et à braser,1
,,"Objex, Inc","Ottawa, ON K4A 0Z9",5252-Entraîneurs,1
,,P.A.T. Central Market Inc.,"Toronto, ON M6G 1L3","6331-Bouchers, coupeurs de viande et poissonniers - commerce de gros et de détail",1
,,Popular Tire Sales & Services Inc,"Mississauga, ON L5S 1M5",6211-Superviseurs des ventes - commerce de détail,1
,,Premium Host Inc. o/a Paramount Fine Foods,"Mississauga, ON L5W 1P7",0631-Directeurs de la restauration et des services alimentaires,1
,,Pride Group Logistics Ltd.,"Mississauga, ON L5T 1A6",7511-Conducteurs de camions de transport,1
,,Queen Video Limited,"Mississauga, ON L5G 1E1",6322-Cuisiniers,1
,,Rei Dos Leitos Bar & Grill Ltd,"London, ON N5Z 1T6",6322-Cuisiniers,1
,,Rolis-Annett Corporation,"Napanee, ON K7R 1J1",6311-Superviseurs des services alimentaires,2
,,Sai Restaurants Inc.,"SCARBOROUGH, ON M1J 2C8",6311-Superviseurs des services alimentaires,1
,,Shawerma Plus Inc.,"Waterloo, ON N2J 2Y7",6311-Superviseurs des services alimentaires,1
,,Shine Barber Shop,"Brampton, ON L6S 0C4",6341-Coiffeurs et barbiers,1
,,Shoppers Drug Mart Store #880,"Toronto, ON M1V 1V2",6211-Superviseurs des ventes - commerce de détail,1
,,Signtel Advertising Inc,"Toronto, ON M3H 5S4",5223-Techniciens en graphisme,1
,,Sitara Indian Cuisine Inc.,"Sarnia, ON N7S 1P7",0631-Directeurs de la restauration et des services alimentaires,1
,,Synergy Services Inc,"LISTOWEL, ON N4W 2M7","8252-Entrepreneurs de services agricoles, surveillants d'exploitations agricoles et ouvriers spécialisés dans l'élevage",1
,,Terpstra Farms Ltd,"Brussels, ON N0G 1H0","8252-Entrepreneurs de services agricoles, surveillants d'exploitations agricoles et ouvriers spécialisés dans l'élevage",2
,,Terra-Opus Property Services Inc.,"Stouffville, ON L4A 7Z5",8612-Manoeuvres en aménagement paysager et en entretien des terrains,3
,,"Unconquered Sun Solar Technologies, Inc.","Tecumseh, ON N8N 2M1",2241-Technologues et techniciens en génie électronique et électrique,1
,,Vretta Inc.,"Toronto, ON M4R 1K8",5241-Designers graphiques et illustrateurs,1
,  Agriculture primaire,1174724 Ont Inc o/a Lepp Farms,"Virgil, ON L0S 1T0",8431-Ouvriers agricoles,1
,,ES Holdings Inc.,"Courtland, ON N0J 1E0",8431-Ouvriers agricoles,3
,,Geronne Farms,"Chatham, ON N7M 5J4",8431-Ouvriers agricoles,2
,,Manderley Turf Products Inc.,"MOOSE CREEK, ON K0C 1W0",8431-Ouvriers agricoles,5
,,Martins Holsteins (1996) Ltd,"Palmerston, ON N0G 2P0","8252-Entrepreneurs de services agricoles, surveillants d'exploitations agricoles et ouvriers spécialisés dans l'élevage",3
,,Maw's Lakeview Orchard,"Ottawa, ON K4A 1M1",8431-Ouvriers agricoles,2
,,Sandy Shore Farms Limited,"Port Burwell, ON N0J 1T0","8252-Entrepreneurs de services agricoles, surveillants d'exploitations agricoles et ouvriers spécialisés dans l'élevage",1
Manitoba,    Haut salaire,Portage Transport Inc.,"Portage La Prairie, MB R1N 3C3",7511-Conducteurs de camions de transport,3
,,West-Man Foot Clinic,"Brandon, MB R7B 3Y3",3125-Autres professionnels en diagnostic et en traitement de la santé,1
,   Bas salaire,Baexim International Inc o/a Grand Rapids Esso,"Grand Rapids, MB R0C 1E0",6211-Superviseurs des ventes - commerce de détail,1
,,Rey-Henry1194 MB Ltd,"Winnipeg, MB R3T 4H9",6321-Chefs,1
,,St. Anne Hotel Chinese Restaurant,"WINNIPEG, MB R3B 0X1",6322-Cuisiniers,2
,  Agriculture primaire,Aletta Holsteins Inc.,"Linden, MB R0A 0X1",8431-Ouvriers agricoles,3
,,Haskett Growers (2014) Ltd.,"Winkler, MB R6W 4A1",8431-Ouvriers agricoles,4
,,Wenkai Oriental Vegetables,"Elie, MB R0H 0H0",8431-Ouvriers agricoles,1
Saskatchewan,    Haut salaire,SJM Dental Prof. Corp.,"ASSINIBOIA, SK S0H 0B0",3113-Dentistes,2
,   Bas salaire,Classic Inn LTD,"MELVILLE, SK S0A 2P0",6322-Cuisiniers,1
,  Agriculture primaire,Ridgedale Co-op Association Ltd,"Ridgedale, SK S0E 1L0",8431-Ouvriers agricoles,4
Alberta,    Haut salaire,1153238 Alberta Ltd.,"Calgary, AB T2C 2X3","7284-Plâtriers, poseurs et finisseurs de systèmes intérieurs et latteurs",1
,,1805241 Alberta Ltd,"Calgary, AB T2V 5G2",1223-Agents des ressources humaines et de recrutement,1
,,1831095 Alberta Inc.,"Drumheller, AB T0J 0Y0","7321-Mécaniciens et réparateurs de véhicules automobiles, de camions et d'autobus",1
,,2013722 Alberta Ltd,"Sundre, AB T0M 1X0",0621-Directeurs - commerce de détail et de gros,1
,,3E Sheet Metal & Food Equipment LTD,"Calgary, AB T2E 6L1",0711-Directeurs de la construction,1
,,4 Brothers Trucking Services Ltd,"Edmonton, AB T6M 0C1",7305-Surveillants du transport routier et du transport en commun,1
,,716945 Alberta Ltd,"Edmonton, AB T5G 1L2","1215-Superviseurs du personnel de coordination de la chaîne d'approvisionnement, du suivi et des horaires",1
,,Air Central Inc,"Edmonton, AB T6N 1A8","1215-Superviseurs du personnel de coordination de la chaîne d'approvisionnement, du suivi et des horaires",1
,,Alberta Health Services,"EDMONTON, AB T5J 3E4",3111-Médecins spécialistes,1
,,Amar Enterprises Ltd,"Edmonton, AB T6T 0H5",1311-Techniciens en comptabilité et teneurs de livres,1
,,ANDERWERKS LTD,"CALGARY, AB T2E 6R4","7334-Mécaniciens de motocyclettes, de véhicules tout-terrain et personnel mécanicien assimilé",1
,,Atlantic Handicraft Corporation,"Calgary, AB T2G 0T5",0621-Directeurs - commerce de détail et de gros,1
,,AV Exterior Ltd,"EDMONTON, AB T5V 1H7","1215-Superviseurs du personnel de coordination de la chaîne d'approvisionnement, du suivi et des horaires",2
,,Azuridge Limited,"PRIDDIS, AB T0L 1W0",6321-Chefs,1
,,Boss Liquor Ltd,"EDMONTON, AB T6K 3S4",1311-Techniciens en comptabilité et teneurs de livres,1
,,City Masonry Ltd.,"Edmonton, AB T6T 0A5","7284-Plâtriers, poseurs et finisseurs de systèmes intérieurs et latteurs",1
,,Conqur Industries Inc.,"Two Hills, AB T0B 4K0",0621-Directeurs - commerce de détail et de gros,1
,,Cynkon Inc,"Edmonton, AB T6W 0H8",1122-Professionnels des services-conseils en gestion aux entreprises,1
,,D-Kamp Services Inc,"Calgary, AB T3L 2Z8",2171-Analystes et consultants en informatique,1
,,Engelbertink Sales & Distribution Ltd,"Edmonton, AB T5G 3J7",0621-Directeurs - commerce de détail et de gros,1
,,Five Star Drywall & Insulation Ltd.,"Edmonton, AB T6T 0M2","7284-Plâtriers, poseurs et finisseurs de systèmes intérieurs et latteurs",3
,,G K Projects Inc. o/a Great Western Interiors,"CALGARY, AB T2Z 4A3","7284-Plâtriers, poseurs et finisseurs de systèmes intérieurs et latteurs",2
,,Herman 123 Ltd,"Burdett, AB T0K 0J0",7235-Assembleurs et ajusteurs de plaques et de charpentes métalliques,7
,,Indo-Bridge Inc.,"Calgary, AB T2K 3R8","0013-Cadres supérieurs - services financiers, communications et autres services aux entreprises",1
,,"N&A Contracting Siding, Soffit, Fascia Inc.","EDMONTON, AB T5T 7A1","7284-Plâtriers, poseurs et finisseurs de systèmes intérieurs et latteurs",3
,,O. J. Pipelines Canada Corporation,"NISKU, AB T9E 7M9",2243-Techniciens et mécaniciens d'instruments industriels,1
,,Patience Partnership,"CALGARY, AB T2G 1M8",7251-Plombiers,1
,,,,7312-Mécaniciens d'équipement lourd,1
,,PCC Integrate Inc.,"Calgary, AB T2P 3E8","0013-Cadres supérieurs - services financiers, communications et autres services aux entreprises",1
,,Prince Benipal Trucking Ltd.,"Edmonton, AB T6T 0G8",7305-Surveillants du transport routier et du transport en commun,1
,,Proinsulate Spray Foam Services Inc.,"SPRUCE GROVE, AB T7X 0M5","7284-Plâtriers, poseurs et finisseurs de systèmes intérieurs et latteurs",1
,,Raja Trucking Ltd.,"Edmonton, AB T6T 1N4",7305-Surveillants du transport routier et du transport en commun,1
,,Rush Roofing & Contracting Corp,"Foothills, AB T1S 3M1","0016-Cadres supérieurs - construction, transport, production et services d'utilité publique",1
,,TripleClean Exhaust Maintenance Inc.,"Edmonton, AB T5T 5E5",6315-Surveillants des services de nettoyage,1
,,Unique Drywall Ltd.,"Edmonton, AB T6X 1E4","7284-Plâtriers, poseurs et finisseurs de systèmes intérieurs et latteurs",2
,,W.M.K. Holdings Ltd.,"Fort McMurray, AB T9H 0H8","2271-Pilotes, navigateurs et instructeurs de pilotage du transport aérien",1
,,Yellowhead Trucking Ltd.,"Edmonton, AB T5Y 0Z8",7305-Surveillants du transport routier et du transport en commun,1
,,ZyTech Building Systems LP,"BALZAC, AB T4B 2T3",7271-Charpentiers-menuisiers,3
,   Bas salaire,1072995 Alberta Ltd.,"Sherwood Park, AB T8H 2S9",6311-Superviseurs des services alimentaires,1
,,1089362 Alberta Ltd o/a Swiss Donair,"EDMONTON, AB T5E 2H4",6311-Superviseurs des services alimentaires,1
,,1108495 Alberta Ltd.o/a SUBWAY SANDWICH AND SALADS,"AIRDRIE, AB T4B 1R9",6311-Superviseurs des services alimentaires,1
,,1443803 Alberta Ltd,"Sherwood Park, AB T8H 2N1",6315-Surveillants des services de nettoyage,1
,,1475183 Alberta Ltd,"Calgary, AB T1Y 6J6",6322-Cuisiniers,2
,,1495791 Alberta Ltd,"GRANDE PRAIRIE, AB T8W 2W1",6315-Surveillants des services de nettoyage,1
,,1541466 Alberta Inc,"Calgary, AB T3E 7C4",6322-Cuisiniers,1
,,1621221 Alberta Ltd,"Fort Saskatchewan, AB T8L 4R5",6322-Cuisiniers,1
,,1692691 Alberta Ltd,"Wandering River, AB T0A 3M0",6311-Superviseurs des services alimentaires,2
,,,,6322-Cuisiniers,2
,,1698687 Alberta Ltd,"Calgary, AB T1Y 6M6",0631-Directeurs de la restauration et des services alimentaires,1
,,1785881 Alberta Ltd,"Strathmore, AB T1P 1H8",9526-Monteurs et contrôleurs de matériel mécanique,1
,,1827186 Alberta Inc.,"Calgary, AB T2T 0C3",6322-Cuisiniers,1
,,1871057 Alberta Inc. o/a Paul's Pizza and Steak House,"Airdrie, AB T4B 1S2",6322-Cuisiniers,1
,,1885320 Alberta Ltd.,"Edmonton, AB T5C 1R9",6211-Superviseurs des ventes - commerce de détail,1
,,1902335 Alberta Ltd.,"Edmonton, AB T6C 0X9",6311-Superviseurs des services alimentaires,2
,,1913477 Alberta Ltd.,"Tofield, AB T0B 4J0",6311-Superviseurs des services alimentaires,1
,,1914349 Alberta Ltd o/a New Asian Village,"Edmonton, AB T6T 1A7",6311-Superviseurs des services alimentaires,2
,,1963350 AB Ltd /The Boot,"Cochrane, AB T4C 1X6",6311-Superviseurs des services alimentaires,1
,,1968166 Alberta Inc.,"Calgary, AB T2T 0A7",6311-Superviseurs des services alimentaires,1
,,1975538 Alberta Inc,"Beaumont, AB T4X 0G5",6311-Superviseurs des services alimentaires,1
,,2013722 Alberta Ltd,"Sundre, AB T0M 1X0",6621-Préposés de stations-service,1
,,340620 Alberta Ltd,"Edmonton, AB T6E 5X7",6211-Superviseurs des ventes - commerce de détail,1
,,617882 Alberta Ltd.,"Edmonton, AB T5H 4K8",6322-Cuisiniers,2
,,782902 Alberta Ltd,"Sylvan Lake, AB T4S 0A5",6211-Superviseurs des ventes - commerce de détail,1
,,7-Eleven Canada Inc.  o/a 7-Eleven Store,"CALGARY, AB T2Y 1W1",6211-Superviseurs des ventes - commerce de détail,3
,,853582 Alberta Ltd,"Strathmore, AB T1P 1H8",0631-Directeurs de la restauration et des services alimentaires,1
,,861699 Alberta Ltd.,"CROSSFIELD, AB T0M 0S0",6211-Superviseurs des ventes - commerce de détail,1
,,ABS Truckwash and Lube Ltd,"EDMONTON, AB T5W  5J",6315-Surveillants des services de nettoyage,1
,,Aladdin's Casbah Inc.,"Calgary, AB T2J 7A4",6322-Cuisiniers,1
,,Aztec Renovations & Refit Inc,"Calgary, AB T2E 6L5",9224-Surveillants dans la fabrication de meubles et d'accessoires,2
,,Bamboo Garden Ltd,"Banff, AB T1L 1C7",6311-Superviseurs des services alimentaires,1
,,,,6322-Cuisiniers,1
,,Bowls Korean BBQ Ltd.,"Calgary, AB T3K 0B3",6322-Cuisiniers,1
,,Byblos Bakery Ltd.,"Calgary, AB T2E 8J8","9213-Surveillants dans la transformation des aliments, des boissons et des produits connexes",1
,,Canadian Premium Meats Inc,"Lacombe, AB T4L 0C6","6331-Bouchers, coupeurs de viande et poissonniers - commerce de gros et de détail",1
,,Cochrane Bottle Depot Ltd,"CALGARY, AB T3J  1A",7452-Manutentionnaires,1
,,Comfort Home Solutions Inc.,"Edmonton, AB T5T 2Y1",1221-Agents d'administration,1
,,Cozy Home Maid Service Inc.,"Calgary, AB T3M 1Y6",6315-Surveillants des services de nettoyage,2
,,Deborah Morgan Consulting Services,"CAMROSE, AB T4V 1W4","4412-Aides familiaux résidents, aides de maintien à domicile et personnel assimilé",1
,,Edmonton Roastery Inc.,"EDMONTON, AB T6V 0M7","9617-Manoeuvres dans la transformation des aliments, des boissons et des produits connexes",1
,,Elaschuk Hospitality Inc,"Camrose, AB T4V 4W2",6311-Superviseurs des services alimentaires,1
,,Exalta 21 Inc.,"Banff, AB T1L 1C1","6313-Superviseurs des services d'hébergement, de voyages, de tourisme et des services connexes",2
,,,,6531-Guides touristiques et guides itinérants,8
,,Faisal Kabab Hut Ltd.,"Calgary, AB T3J 4K3",6322-Cuisiniers,2
,,Filoxenia Inc. o/a Travelodge Strathmore,"Strathmore, AB T1P 1B5",6311-Superviseurs des services alimentaires,1
,,Go-2-Work Inc.,"Calgary, AB T3H 5M3",6311-Superviseurs des services alimentaires,2
,,Graham & Lane Florists Ltd,"Edmonton, AB T5J 2Y9",6211-Superviseurs des ventes - commerce de détail,1
,,Janet Yee,"Beaumont, AB T4X 0C5",4411-Gardiens d'enfants en milieu familial,1
,,Jaxson Inc.,"Grande Prairie, AB T8W 0G9",6311-Superviseurs des services alimentaires,1
,,Josun Enterprise Ltd. o/a Izumi Yokozuna Sushi House,"Calgary, AB T2W 4X9",6311-Superviseurs des services alimentaires,1
,,Jupiter Enterprises Ltd.,"CALGARY, AB T2H 0R2","9619-Autres manoeuvres des services de transformation, de fabrication et d'utilité publique",2
,,LCR Construction & Renovation Ltd.,"Picture Butte, AB T0K 1V0",7611-Aides de soutien des métiers et manoeuvres en construction,1
,,Ma Siddiki Corporation o/a Edo Japan,"Olds, AB T4H 0A2",6322-Cuisiniers,1
,,McLennan Pizza and Donair Corp.,"Falher, AB T0H 1M0",6311-Superviseurs des services alimentaires,1
,,Mila's Cleaning Services Ltd,"Sherwood Park, AB T8H 0L7",6315-Surveillants des services de nettoyage,1
,,Mooncon Electrical Ltd.,"EDMONTON, AB T6X 0A9",6211-Superviseurs des ventes - commerce de détail,1
,,Nho Saigon Inc,"Calgary, AB T2T 1Z7",6311-Superviseurs des services alimentaires,1
,,Pearl Nails & Spa Ltd,"CALGARY, AB T3H 0N9",6316-Surveillants des autres services,1
,,Pereira & Moniz Landscape Contractors Inc.,"Sturgeon County, AB T8T 1N8",8612-Manoeuvres en aménagement paysager et en entretien des terrains,2
,,Pho Anh Huyen Ltd. o/a Pho Anh Huyen Noodle House,"Calgary, AB T2E 2R8","6711-Serveurs au comptoir, aides de cuisine et personnel de soutien assimilé",1
,,Pho Hoai Vietnamese Beef House,"Calgary, AB T2G 0B6",6311-Superviseurs des services alimentaires,1
,,Pinoy Avenue Store and Food Services,"Edmonton, AB T5P 2T9",6211-Superviseurs des ventes - commerce de détail,1
,,ProBond Systems Inc.,"EDMONTON, AB T5M 3X1",7291-Couvreurs et poseurs de bardeaux,1
,,Restoretech Ltd,"Edmonton, AB T6N 1B6",6315-Surveillants des services de nettoyage,1
,,Shine & Company Ltd.,"Calgary, AB T3H 5M6",6311-Superviseurs des services alimentaires,1
,,Solo Liquor Stores Ltd.,"Calgary, AB T2P 0S4",6211-Superviseurs des ventes - commerce de détail,1
,,South Edmonton Common Vitality Health Foods Inc.,"EDMONTON, AB T6N 1L5",6211-Superviseurs des ventes - commerce de détail,1
,,Spruce Grove Bottle Depot Ltd,"ST. PAUL, AB T0A 3A2",6316-Surveillants des autres services,1
,,SS Stonebridge Del Fitness Corp o/a Motion Fitness,"Grande Prairie, AB T8V 8E6",1241-Adjoints administratifs,1
,,Stigg Security Inc,"Fort McMurray, AB T9K 0P8",6316-Surveillants des autres services,2
,,Strawberry Street Daycare Centre Ltd,"Edmonton, AB T6L 6G9",4214-Éducateurs et aides-éducateurs de la petite enfance,1
,,The Moulding Store Inc.,"Calgary, AB T2E 6S8",9533-Monteurs et contrôleurs d'autres produits en bois,1
,,Ultimate Cleaning Services Ltd,"Calgary, AB T3M 1C3",6315-Surveillants des services de nettoyage,1
,,Virk Investments Ltd.,"Edmonton, AB T6E 1C1",6211-Superviseurs des ventes - commerce de détail,1
,,Worsley Gateway Inn Ltd.,"Worsley, AB T0H 3W0",6322-Cuisiniers,1
,,Yasif Inc,"Edmonton, AB T6E 1W6",4214-Éducateurs et aides-éducateurs de la petite enfance,1
,  Agriculture primaire,Arrowhead Nurseries Ltd.,"Edmonton, AB T5Y 6P8",8432-Ouvriers de pépinières et de serres,5
,,Creekside Home and Garden Ltd.,"Spruce Grove, AB T7Y 1A9",8432-Ouvriers de pépinières et de serres,2
,,De Herdt Gardens,"Barrhead, AB T7N 1A6",8432-Ouvriers de pépinières et de serres,3
,,Double F Farms 2015 Ltd,"Kirriemuir, AB T0C 1R0","8252-Entrepreneurs de services agricoles, surveillants d'exploitations agricoles et ouvriers spécialisés dans l'élevage",1
,,,,8431-Ouvriers agricoles,4
,,Kemp Honey Ltd.,"High Prairie, AB T0G 1E0",8431-Ouvriers agricoles,2
,,Mighty Peace Honey,"Grimshaw, AB T0H 1W0",8431-Ouvriers agricoles,1
,,Poelman Apiaries Ltd.,"FORT MACLEOD, AB T0L 0Z0","8252-Entrepreneurs de services agricoles, surveillants d'exploitations agricoles et ouvriers spécialisés dans l'élevage",5
,,,,8431-Ouvriers agricoles,5
,,The Jungle Farm,"Red Deer County, AB T4G 0M7",8431-Ouvriers agricoles,6
Colombie-Britannique,    Haut salaire,0829370 BC Ltd.,"Vancouver, BC V6A 4B3",3233-Infirmiers auxiliaires,1
,,0994391 BC Ltd,"Surrey, BC V3W 1N6","1215-Superviseurs du personnel de coordination de la chaîne d'approvisionnement, du suivi et des horaires",1
,,1137525 B.C. Ltd,"SURREY, BC V3S 7P7",0621-Directeurs - commerce de détail et de gros,1
,,617436 BC Ltd,"RICHMOND, BC V7A 4P5",1221-Agents d'administration,1
,,673283 B.C. Ltd.,"Parksville, BC V9P 1K8",0632-Directeurs des services d'hébergement,1
,,Alfa71 Enterprises Ltd,"Langley, BC V3A 4E6",0631-Directeurs de la restauration et des services alimentaires,1
,,All Star Stone & Building Materials Inc.,"Surrey, BC V3W 3K3",7281-Briqueteurs-maçons,2
,,Anderson First Rate-Contracting Inc,"Maple Ridge, BC V2X 0T4",7294-Peintres et décorateurs (sauf décorateurs d'intérieur),3
,,Bansal & Associates Consulting Engineer Inc.,"Surrey, BC V3W 1E6",2253-Technologues et techniciens en dessin,1
,,Best Royal Recruiting & Immigration Ltd,"Burnaby, BC V5H 2E2","0124-Directeurs de la publicité, du marketing et des relations publiques",1
,,Big White Electrical Ltd.,"Kelowna, BC V1P 1P3",7241-Électriciens (sauf électriciens industriels et de réseaux électriques),1
,,Blackstar Truck & Trailer Repairs Ltd.,"Surrey, BC V3W 3E8",1311-Techniciens en comptabilité et teneurs de livres,1
,,Brave & Young Distributors Ltd,"Delta, BC V4C 3W1","1215-Superviseurs du personnel de coordination de la chaîne d'approvisionnement, du suivi et des horaires",1
,,Bronco Industries Inc,"Delta, BC V4G 1L8",1122-Professionnels des services-conseils en gestion aux entreprises,1
,,,,1221-Agents d'administration,1
,,C.E.S. Engineering Ltd,"BURNABY, BC V5G 4X7",2132-Ingénieurs mécaniciens,1
,,Canadian Okanagan Alpaca Ranch Inc,"Coldstream, BC V1B 3B8",0114-Directeurs d'autres services administratifs,1
,,Cascade Bath and Lighting Ltd.,"Langley, BC V3A 5E8",6211-Superviseurs des ventes - commerce de détail,1
,,CleanTech Service Group Limited,"Richmond, BC V7A 4X6","7384-Autre personnel des métiers et personnel assimilé, n.c.a.",5
,,Colangeli Group Builders Ltd,"Saanichton, BC V8M 1W2",7271-Charpentiers-menuisiers,5
,,Cooperage Enterprises Inc,"Port Coquitlam, BC V3B 8B8","5131-Producteurs, réalisateurs, chorégraphes et personnel assimilé",1
,,DDN Services Inc.,"Vancouver, BC V6B 3M1",1253-Techniciens à la gestion des documents,1
,,Drabek Technologies Ltd.,"COQUITLAM, BC V3K 6A3",2253-Technologues et techniciens en dessin,1
,,Dura Seal Ltd.,"Port Coquitlam, BC V3C 6N2",7292-Vitriers,1
,,F R C Transport Ltd.,"Surrey, BC V3V 1B9",1311-Techniciens en comptabilité et teneurs de livres,1
,,Golden Trading Ltd.,"Surrey, BC V3W 7J1",1221-Agents d'administration,1
,,Greenland Growers Nursery Ltd.,"ALDERGROVE, BC V4W 1R7","8255-Entrepreneurs et superviseurs des services de l'aménagement paysager, de l'entretien des terrains et de l'horticulture",1
,,Gusan General Contracting Inc,"Port Coquitlam, BC V3B 3W5",7295-Poseurs de revêtements d'intérieur,1
,,H & L Aluminum Railing Ltd.,"Burnaby, BC V3N 4V1",7237-Soudeurs et opérateurs de machines à souder et à braser,1
,,,,"9416-Opérateurs de machines à travailler les métaux légers et lourds, et de machines de formage",1
,,HAP Enterprises Ltd.,"Delta, BC V4G 1G6",7511-Conducteurs de camions de transport,6
,,Highway Ranger Trucking Ltd.,"SURREY, BC V3W 6Y7",1311-Techniciens en comptabilité et teneurs de livres,1
,,,,7511-Conducteurs de camions de transport,2
,,International Tentnology Corp,"Surrey, BC V3S 2A1",2132-Ingénieurs mécaniciens,1
,,Intraedge Inc.,"New Westminster, BC V3L 3A4","0124-Directeurs de la publicité, du marketing et des relations publiques",1
,,K. R. & R Trucking Ltd,"CHARLIE LAKE, BC V0C 1H0",7511-Conducteurs de camions de transport,2
,,Leavitt Machinery General Partnership,"Langley, BC V2Z 2L3","1123-Professionnels en publicité, en marketing et en relations publiques",1
,,Mander Bros. Enterprises Ltd.,"DELTA, BC V4C 6P6","7321-Mécaniciens et réparateurs de véhicules automobiles, de camions et d'autobus",1
,,MBD Trucking Ltd.,"Surrey, BC V3W 4J7",1221-Agents d'administration,1
,,MBM Metal Fabricators Inc.,"Langley, BC V1M 0B1",6221-Spécialistes des ventes techniques - commerce de gros,1
,,Meiklejohn Architectural Design Studio Inc.,"Penticton, BC V2A 1H2",2251-Technologues et techniciens en architecture,1
,,Mexi-Cana Concrete Service,"Vancouver, BC V5K 4Y6",7282-Finisseurs de béton,3
,,Mighty Peace Brewing Co. Ltd.,"Fort St John, BC V1J 1J1","9213-Surveillants dans la transformation des aliments, des boissons et des produits connexes",1
,,Mountain Equipment Co-Operative,"Vancouver, BC V5T 1E1","1215-Superviseurs du personnel de coordination de la chaîne d'approvisionnement, du suivi et des horaires",1
,,New Hourin Ramen Inc.,"Vancouver, BC V6S 0H7",0631-Directeurs de la restauration et des services alimentaires,1
,,Night Owl Bird Hospital,"Vancouver, BC V6J 1Z2",3114-Vétérinaires,1
,,Northstar Janitorial Services Ltd.,"Prince George, BC V2N 5H9",6315-Surveillants des services de nettoyage,1
,,Ornament Tiles and Surface Ltd.,"Surrey, BC V4N 4N2",7283-Carreleurs,2
,,Ponderosa Trading Company Ltd,"Maple Ridge, BC V4R 2P7",1221-Agents d'administration,1
,,President Global Consulting Group Ltd.,"Richmond, BC V6X 3X2",1221-Agents d'administration,1
,,Punjab Travel Ltd.,"Abbotsford, BC V2T 3S5",1241-Adjoints administratifs,1
,,Roman Metal Works Ltd.,"North Vancouver, BC V7P 3N4",7233-Tôliers,1
,,Scott Plastics Ltd.,"Sidney, BC V8L 5Z6",7232-Outilleurs-ajusteurs,1
,,Sea to Sky Powerwashing Inc,"North Vancouver, BC V7M 0C6",0621-Directeurs - commerce de détail et de gros,1
,,Skynet Wireless Inc.,"Surrey, BC V3R 1V9",0601-Directeurs des ventes corporatives,1
,,,,1221-Agents d'administration,1
,,SoundsGood Auto Services Inc,"Coquitlam, BC V3B 1B8",2242-Électroniciens d'entretien (biens domestiques et commerciaux),1
,,Spider Holding Ltd.,"Vancouver, BC V6A 1R6",6315-Surveillants des services de nettoyage,1
,,Steve Chung Law Corporation  o/a Chung & Associates,"New Westminster, BC V3L 1V3",1242-Adjoints administratifs juridiques,1
,,Tavo Stone Contracting Inc.,"Coquitlam, BC V3E 2P1",7283-Carreleurs,1
,,The Flying Pig Holdings Ltd.  o/a The Flying Pig (Yaletown),"Vancouver, BC V6B 2S2",6321-Chefs,1
,,Valley Countertops Industries Ltd,"Abbotsford, BC V2T 6X4",7205-Entrepreneurs et contremaîtres des autres métiers de la construction et des services de réparation et d'installation,1
,,West Tenth Badminton Club Ltd,"Vacouver, BC V6K 2A4",5252-Entraîneurs,1
,,Westland Metal Ltd.,"Surrey, BC V3W 9G2","9416-Opérateurs de machines à travailler les métaux légers et lourds, et de machines de formage",1
,,Worldnet Computers Inc,"Surrey, BC V3S 2G9",2281-Techniciens de réseau informatique,1
,   Bas salaire,0837507 B.C. Ltd.,"Whistler, BC V0N 1B4",6311-Superviseurs des services alimentaires,2
,,0863506 B.C Ltd o/a Ali Baba Pizza - Duncan,"Victoria, BC V8W 1G9",6311-Superviseurs des services alimentaires,1
,,0894000 BC Ltd o/a Railtown Cafe & Catering,"Vancouver, BC V6A 1A4",6322-Cuisiniers,1
,,0923281 BC Ltd,"SURREY, BC V3W 0P8",6211-Superviseurs des ventes - commerce de détail,1
,,1006771 BC Ltd,"PORT COQUITLAM, BC V3B 0G6",6311-Superviseurs des services alimentaires,1
,,1020215 BC Ltd.  o/a Sushi Bella Restaurant,"North Vancouver, BC V7M 2E8",6322-Cuisiniers,1
,,1039139 BC Ltd,"Richmond, BC V6V 0B4",6322-Cuisiniers,4
,,1058489 BC LTD. o/a Momo Sushi,"Vancouver, BC V6B 5C6",6322-Cuisiniers,2
,,2nd Home Bilingual Child Care Centre,"Burnaby, BC V5E 2A4",4214-Éducateurs et aides-éducateurs de la petite enfance,1
,,592835 BC Ltd dba Dairy Queen,"Surrey, BC V3W 1E6",6322-Cuisiniers,1
,,6731856 Canada Inc,"Cranbrook, BC V1C 3S3",6311-Superviseurs des services alimentaires,1
,,AAG Holding 2011 Ltd,"PORT MCNEILL, BC V9N 2R0",6311-Superviseurs des services alimentaires,1
,,,,"6711-Serveurs au comptoir, aides de cuisine et personnel de soutien assimilé",1
,,ACCS Food Services Incorporated,"VANCOUVER, BC V6E 1C2",6311-Superviseurs des services alimentaires,1
,,Ace Trades and Technichal Institute,"Surrey, BC V3W 1R1",1241-Adjoints administratifs,1
,,AE & RS Restaurant Ltd.,"Surrey, BC V4A 5A4",6322-Cuisiniers,1
,,Alfa71 Enterprises Ltd,"Langley, BC V3A 4E6",6322-Cuisiniers,1
,,Better Way Lighting Ltd,"Vancouver, BC V6A 3B7",1241-Adjoints administratifs,1
,,Blue Moose Holdings Ltd.,"Hope, BC V0X 1L0","6711-Serveurs au comptoir, aides de cuisine et personnel de soutien assimilé",1
,,Breeze Beauty International Ltd,"RICHMOND, BC V6Y 0C2",6341-Coiffeurs et barbiers,1
,,Cha Ching Holdings Ltd.,"Kelowna, BC V1W 3T1",0631-Directeurs de la restauration et des services alimentaires,1
,,,,6322-Cuisiniers,2
,,Chaparral Industries (86) Inc.,"Kelowna, BC V1X 7T1",7611-Aides de soutien des métiers et manoeuvres en construction,3
,,Chel-Ryan Enterprises Ltd o/a Tappen Esso,"Tappen, BC V0E 2X3",6211-Superviseurs des ventes - commerce de détail,1
,,CME Enterprise Ltd.,"Burnaby, BC V5E 1T8",4214-Éducateurs et aides-éducateurs de la petite enfance,1
,,Diligent Group Enterprizes Ltd,"Surrey, BC V3W 5J5",6322-Cuisiniers,1
,,Domain Decorating & restorations Ltd,"Langley, BC V2Z 2M5",7611-Aides de soutien des métiers et manoeuvres en construction,1
,,Echo Early Learning Center Inc.,"Kelowan, BC V1Y 5Y7",4214-Éducateurs et aides-éducateurs de la petite enfance,1
,,Educoach Consultants Inc.,"Burnaby, BC V5J 5K7",1241-Adjoints administratifs,1
,,Fablee Diner Ltd.,"Vancouver, BC V5T 1W1",0631-Directeurs de la restauration et des services alimentaires,1
,,Four Corner Roofing Ltd.,"SURREY, BC V3W 5B6",7611-Aides de soutien des métiers et manoeuvres en construction,3
,,Frontier Cloth House Ltd.,"Surrey, BC V3W 3N3","6342-Tailleurs, couturiers, fourreurs et modistes",1
,,Grace Sushi Ltd,"Victoria, BC V8W 3K3",6513-Serveurs d'aliments et de boissons,1
,,Great Canadian Pizza Ltd,"Vancouver, BC V6B 2C9",6311-Superviseurs des services alimentaires,1
,,Hawksworth Restaurant Services Inc.,"VANCOUVER, BC V6C 0B4",6321-Chefs,1
,,,,6322-Cuisiniers,2
,,Helena Hair Salon,"NORTH VANCOUVER, BC V7L 2P9",6341-Coiffeurs et barbiers,1
,,Hiraku Sushi Ltd. o/a Hiraku Sushi Japanese Restaurant,"Coquitlam, BC V3E 0J5",6322-Cuisiniers,1
,,Hollandia Greenhouses Ltd,"Pitt Meadows, BC V3Y 1Z1","8252-Entrepreneurs de services agricoles, surveillants d'exploitations agricoles et ouvriers spécialisés dans l'élevage",1
,,Hollyburn Family Services Ltd.,"North Vancouver, BC V7M 1A5",4212-Travailleurs des services sociaux et communautaires,1
,,Il Tavolino Holdings Ltd.,"KELOWNA, BC V1W 5K9",6322-Cuisiniers,1
,,Internation Investments Inc o/a A&W Restaurant,"Abbotsford, BC V3G 2K8",6311-Superviseurs des services alimentaires,1
,,Ironwood Bottle Depot Ltd.,"Richmond, BC V7A 4V5",6211-Superviseurs des ventes - commerce de détail,1
,,Island Scallops Ltd,"Qualicum Beach, BC V9K 2C8",2221-Technologues et techniciens en biologie,1
,,J & His Childcare,"Richmond, BC V6Y 3E7",4214-Éducateurs et aides-éducateurs de la petite enfance,1
,,JJ Metrotown Enterprise Ltd.,"Vancouver, BC V6M 2W1",0631-Directeurs de la restauration et des services alimentaires,1
,,JTO Enterprises Ltd.,"Vancouver, BC V5X 3L2",6322-Cuisiniers,2
,,K & D Logging Ltd,"Fort St. James, BC V0J 1P0",2223-Technologues et techniciens en sciences forestières,1
,,K & N Mahal Enterprises Ltd.,"Vancouver, BC V6M 1Y8","6711-Serveurs au comptoir, aides de cuisine et personnel de soutien assimilé",2
,,K&W Enterprises Ltd,"Hope, BC V0X 1L4",0631-Directeurs de la restauration et des services alimentaires,1
,,Kenkar Enterprises Ltd. o/a McDonald's Restaurant,"Victoria, BC V9B 1H8",6311-Superviseurs des services alimentaires,4
,,Kent Picture Framing Ltd.,"VANCOUVER, BC V6J 1V4",5212-Personnel technique des musées et des galeries d'art,1
,,King Sejong Restaurant Ltd.,"Victoria, BC V8W 1L3",6322-Cuisiniers,1
,,KS Garage Door Ltd.,"Vancouver, BC V5S 2T6","7441-Personnel d'installation, d'entretien et de réparation d'équipement résidentiel et commercial",1
,,L.J. Restaurant Ltd,"Abbotsford, BC V2S 1L4",6322-Cuisiniers,1
,,Landsea Tours Ltd.,"Vancouver, BC V6A 2P3",6732-Nettoyeurs spécialisés,1
,,Lotus Child Care North Van Ltd.,"N. Vancouver, BC V7P 1T2",4214-Éducateurs et aides-éducateurs de la petite enfance,1
,,LSMCV Daycare Ltd.,"Trail, BC V1R 1Z1",4214-Éducateurs et aides-éducateurs de la petite enfance,1
,,Lumo Salon Ltd.,"Vancouver, BC V6Z 2P5",6341-Coiffeurs et barbiers,1
,,Minty Nails Brow and Lash Salon Ltd,"Surrey, BC V3W 5A5","6562-Esthéticiens, électrolystes et personnel assimilé",1
,,Mr. Red Cafe Inc.,"Vancouver, BC V6K 2G3",6322-Cuisiniers,1
,,"My Shanti by Vikram Vij, Inc.","VANCOUVER, BC V5Y 1M8",6322-Cuisiniers,1
,,Nancy O's Restaurant Group Inc.,"Prince George, BC V2L 3E6",0631-Directeurs de la restauration et des services alimentaires,1
,,NPT Construction Ltd,"Vancouver, BC V5P 1T9",7611-Aides de soutien des métiers et manoeuvres en construction,1
,,Oak Bay Guest House,"VICTORIA, BC V8S 5E3",0632-Directeurs des services d'hébergement,1
,,ONLY U CAFE INC,"VANCOUVER, BC V6T 2H9",6322-Cuisiniers,1
,,Osteria Napoli Retorante Ltd,"Vancouver, BC V5K 4E1",6322-Cuisiniers,1
,,Penguin Enterprises Ltd. dba North Vancouver Hotel,"North Vancouver, BC V7P 3B6",6731-Préposés à l'entretien ménager et au nettoyage - travaux légers,1
,,Phat Nails & Spa Inc,"Coquitlam, BC V3J 1N8","6562-Esthéticiens, électrolystes et personnel assimilé",2
,,Proline Roofing Ltd.,"Victoria, BC V8X 1H2",7611-Aides de soutien des métiers et manoeuvres en construction,5
,,PSI Sushi & Roll Ltd. o/a PSI Sush Roll,"Surrey, BC V3T 2W6",6322-Cuisiniers,1
,,Ra Sushi Ltd,"ABBOTSFORD, BC V2S 0H9",6322-Cuisiniers,1
,,Rooster's Offroad Ltd,"Kamloops, BC V2H 1B5","7334-Mécaniciens de motocyclettes, de véhicules tout-terrain et personnel mécanicien assimilé",1
,,S.J.K. Foods LTD dba Subway,"Surrey, BC V3W 4G2",6311-Superviseurs des services alimentaires,1
,,Sakoon Indian Cuisine Ltd,"HOPE, BC V0X 1L2","6711-Serveurs au comptoir, aides de cuisine et personnel de soutien assimilé",1
,,Sangdo Shipping Ltd.,"Port Coquitlam, BC V3C 6N9",1221-Agents d'administration,1
,,Snow Creek Canyon Holdings Ltd o/a Tim Hortons,"Revelstoke, BC V0E 2S0",6311-Superviseurs des services alimentaires,6
,,Spider Holding Ltd.,"Vancouver, BC V6A 1R6",6732-Nettoyeurs spécialisés,1
,,SSH Safari Snack House & Grill Inc,"Burnaby, BC V5B 3N1",6311-Superviseurs des services alimentaires,1
,,SSS Estates Ltd,"Richmond, BC V6X 2V1",6732-Nettoyeurs spécialisés,2
,,TBAAR Restaurant Ltd.,"Burnaby, BC V5E 1C5",6311-Superviseurs des services alimentaires,1
,,Thai Delight Inc. o/a Thida Thai Restaurant,"Vancouver, BC V6E 1N2",6322-Cuisiniers,1
,,Thorough Clean Cleaning Services,"Port Moody, BC V3H 5H1",6315-Surveillants des services de nettoyage,1
,,Two Parrots Restaurant Ltd,"Vancouver, BC V6Z 1M4",6322-Cuisiniers,1
,,Veli Holdings Ltd.,"INVERMERE, BC V0A 1K7",6311-Superviseurs des services alimentaires,2
,,Viaggio Hotel & Restaurants Corp.,"Delta, BC V3M 6H4",0631-Directeurs de la restauration et des services alimentaires,1
,,,,6512-Barmans/barmaids,1
,,Weonjae Lee & Yeonhee Kim,"Abbotsford, BC V3G 0C1",6322-Cuisiniers,1
,,Westcoast Jewellers and Diamonds Ltd.,"Vancouver, BC V6Z 1G3","6344-Bijoutiers, réparateurs de bijoux, horlogers-rhabilleurs et personnel assimilé",1
,,Zalathai Thai Restaurant Ltd.,"Nanaimo, BC V9R 5B8",6322-Cuisiniers,1
,,Zenterra Developments Ltd,"Surrey, BC V3Z 6T3",7611-Aides de soutien des métiers et manoeuvres en construction,2
,  Agriculture primaire,BK Orchards Ltd,"Peachland, BC V0H 1X0",8431-Ouvriers agricoles,21
,,Caspian Apiaries Inc.,"Delta, BC V4C 2P7",8431-Ouvriers agricoles,10
,,Dinesen Nurseries Ltd,"Aldergrove, BC V4W 2R1",8432-Ouvriers de pépinières et de serres,10
,,East Richmond Nurseries Inc,"Richmond, BC V6V 1B1",8432-Ouvriers de pépinières et de serres,6
,,FKC (168) Produce Ltd.,"Surrey, BC V3S 8H6",8432-Ouvriers de pépinières et de serres,1
,,Gurmeet Johal Farm,"Surrey, BC V3V 5E3",8431-Ouvriers agricoles,1
,,Holler Estate Vineyards,"Penticton, BC V2A 8T6",8431-Ouvriers agricoles,8
,,Jian Li Farm Ltd.,"SURREY, BC V4N 6N2",8431-Ouvriers agricoles,2
,,KP Labour Contractor Ltd,"Surrey, BC V3W 2Y4","8252-Entrepreneurs de services agricoles, surveillants d'exploitations agricoles et ouvriers spécialisés dans l'élevage",2
,,,,8431-Ouvriers agricoles,4
,,Lulu Island Winery Ltd,"Richmond, BC V6V 1A8","8252-Entrepreneurs de services agricoles, surveillants d'exploitations agricoles et ouvriers spécialisés dans l'élevage",1
,,Maybog Farms Ltd,"Richmond, BC V6V 1T3",8431-Ouvriers agricoles,14
,,Nk'Mip Vineyards LLP,"Oliver, BC V0H 1T2",8431-Ouvriers agricoles,9
,,Oldfield Orchard and Bakery,"Victoria, BC V8Y 1Y2",0821-Gestionnaires en agriculture,1
,,Pacific West Perennial Growers Ltd,"Langley, BC V2Y 2M8",8432-Ouvriers de pépinières et de serres,6
Yukon,   Bas salaire,The Hue Oasis Inc. o/a The Hue Oasis,"Whitehorse, YT Y1A 4Y9",6322-Cuisiniers,1
Territoires-du-Nord-Ouest,   Bas salaire,506829 N.W.T Ltd,"Yellowknife, NT X1A 2N5",6322-Cuisiniers,1
Les employeurs exerçant leurs activités au Canada avec un siège social à l'extérieur du Canada,    Haut salaire,BOB Industries LLC,"Santa Monica, 90401","5131-Producteurs, réalisateurs, chorégraphes et personnel assimilé",1
,,Cap Gun Collective,"LA, 90401","5131-Producteurs, réalisateurs, chorégraphes et personnel assimilé",1
,,"Caviar LA, LLC","Los Angeles, 90028","5131-Producteurs, réalisateurs, chorégraphes et personnel assimilé",1
,,Ember Group Limited,"London, WC2N5DS",1122-Professionnels des services-conseils en gestion aux entreprises,2
,,"Framestore, Inc.","Culver City, 90232","5131-Producteurs, réalisateurs, chorégraphes et personnel assimilé",1
,,Frozen Man Inc.,"New York, 10011","5131-Producteurs, réalisateurs, chorégraphes et personnel assimilé",2
,,"Furlined, Inc","Santa Monica, 90404","5227-Personnel de soutien du cinéma, de la radiotélédiffusion, de la photographie et des arts de la scène",1
,,"Morton Jankel Zander, Inc.","Los Angeles, 90064","5131-Producteurs, réalisateurs, chorégraphes et personnel assimilé",1
,,"Moxie Pictures, Inc.","LOS ANGELES, 90016","5131-Producteurs, réalisateurs, chorégraphes et personnel assimilé",1
,,"Park Pictures, LLC","New York, 10010","5131-Producteurs, réalisateurs, chorégraphes et personnel assimilé",2
,,Prettybird Pictures Inc,"Culver City, 90232","5131-Producteurs, réalisateurs, chorégraphes et personnel assimilé",1
,,"Reset Content, LLC","Santa Monica, 90404","5131-Producteurs, réalisateurs, chorégraphes et personnel assimilé",1
,,Station Film,"NEW YORK, 11222","5131-Producteurs, réalisateurs, chorégraphes et personnel assimilé",1
,,Superprime Films,"Culver City, 90232","5131-Producteurs, réalisateurs, chorégraphes et personnel assimilé",1
,,Taste in Motion Inc.,"New York, 10013","5131-Producteurs, réalisateurs, chorégraphes et personnel assimilé",1
,,"The Corner Shop, Inc.","LOS ANGELES, 90025","5131-Producteurs, réalisateurs, chorégraphes et personnel assimilé",1
,,Tool of North America LLC,"Santa Monica, 90404","5131-Producteurs, réalisateurs, chorégraphes et personnel assimilé",1
,,Washington Square Films,"New York, 10012","5131-Producteurs, réalisateurs, chorégraphes et personnel assimilé",1
,   Bas salaire,Quiksilver Canada,"Huntington Beach, 92649",0621-Directeurs - commerce de détail et de gros,1
Notes:,,,,,
1. Tous les renseignements utilisés dans la présente publication proviennent du Système d'étude d'impact sur le marché du travail (SEIMT) d'Emploi et Développement social Canada.,,,,,
"2. Cette liste exclut tous les informations personnelles, tels que le nom des employeurs des fournisseurs de soins à domicile ou les noms d'entreprises qui incluent des noms personnels. Pour cette raison, cette liste est incomplète et ne contient pas tous les employeurs qui ont soumis ou obtenu une EIMT. Si un employeur souhaite communiquer avec EDSC concernant l'exactitude de leur information, prière de communiquer au NA-TFWP-PTET@hrsdc-rhdcc.gc.ca.  ",,,,,
3. Les noms des employeurs sont entrés manuellement dans le Système et peuvent faire lobjet derreurs dans la saisie de donnée.           ,,,,,
" 4. Le système de Classification nationale des professions (CNP) 2011, est utilisé depuis novembre 2016. Avant novembre 2016, les professions classifiées sous le CNP 2006 étaient converti selon les professions correspondantes sous le CNP 2011. Une concordance empirique développée par Statistique Canada a été utilisée pour identifier la classification équivalente.                                                                              ",,,,,
"5. En vigueur à partir de février 2018, toutes les EIMT en appui à la résidence permanente (RP) sont exclues des rapports statistiques du PTET, sauf lorsque distinguées séparément. Ceci pourrait affecter les statistiques rapportées au fil du temps.",,,,,
"6. Les données issues du SEIMT concernent le nombre de postes de TÉTs visés, et non le nombre de permis de travail délivrés. Pour obtenir des renseignements sur le nombre de permis de travail délivrés, consultez le document: Faits et chiffres d'Immigration, Réfugiés et Citoyenneté Canada (IRCC) : www.cic.gc.ca/francais/ressources/statistiques/menu-faits.asp",,,,,
"7. Les chiffres indiqués dans la présente publication peuvent différer légèrement de ceux contenus dans les versions précédentes des statistiques des EIMT, en raison des mises à jour des données qui ont eu lieu entre temps.",,,,,
