Province/Territory,"Program Stream","Employer ","Address ","Occupation ","Incorporate Status","Requested LMIAs","Requested Positions"
"Nova Scotia","    High Wage","Independent Fisheries Limited","Sable River, NS B0T 1V0","1524-Purchasing and inventory control workers",Unknown,1,1
"New Brunswick","   Low Wage","Corey Craig Ltd","Moncton, NB, NB E1C 1E3","6711-Food counter attendants, kitchen helpers and related support occupations",Unknown,1,4
"New Brunswick","   Low Wage","Tri Province Enterprises 1984 Ltd","Moncton, NB E1A 3A5","9416-Metalworking and forging machine operators",Unknown,1,1
Quebec,"    High Wage","9427-7308 QUEBEC INC.","Montreal, QC H3T 1Y7",6322-Cooks,Unknown,1,1
Quebec,"    High Wage","Chocmod Canada Inc.","Saint-Jean-sur-Richelieu, QC J2W 0G9","2141-Industrial and manufacturing engineers",Corporation,1,1
Quebec,"    High Wage","DEL INC.","Montreal, QC H3W 3E3","6331-Butchers, meat cutters and fishmongers - retail and wholesale",Unknown,1,5
Quebec,"    High Wage","Emergence Plus Inc.","Québec, QC G1H 2V1","2171-Information systems analysts and consultants",Unknown,1,1
Quebec,"    High Wage","Personnel Marcoux Inc","Magog, QC J1X 3L2","7237-Welders and related machine operators",Unknown,1,1
Quebec,"    High Wage","Placement Main D'oeuvre Speciale Inc","Laval, QC H7V 0C2","9523-Electronics assemblers, fabricators, inspectors and testers",Unknown,1,6
Quebec,"   Low Wage","9290-3855 Qc. Inc","Québec, QC G1L 2W4",6322-Cooks,Partnership,1,1
Quebec,"   Low Wage","9358-8093 Québec inc.","Montreal, QC H8N 1T3",6322-Cooks,Unknown,1,5
Quebec,"   Low Wage","9409-2830 QUEBEC INC","Rouyn-Noranda, QC J9X 2A8","6731-Light duty cleaners",Unknown,1,6
Quebec,"   Low Wage","Auberge Forteresse de la Rive","Disraeli, QC G0N  1E","6711-Food counter attendants, kitchen helpers and related support occupations",Corporation,1,2
Quebec,"   Low Wage","B.M.S Auto inc","Montréal, QC H1G  4Y","7321-Automotive service technicians, truck and bus mechanics and mechanical repairers",Partnership,1,1
Quebec,"   Low Wage","Le Béninois Inc.","DISRAELI, QC G0N 1E0",6322-Cooks,Corporation,1,1
Quebec,"   Low Wage","Les Services Entretien Myra Inc/Myra’s Cleaning and Services Inc","Gatineau, QC J9J 3V3","6731-Light duty cleaners",Unknown,1,4
Quebec,"   Low Wage","R-Pro Placement Inc.","Candiac, QC J5R 0S3","7452-Material handlers",Unknown,1,1
Quebec,"  Primary Agriculture","RP2R S.E.C.","Notre-Dame-du-Bon-Conseil, QC J0C 1A0","8431-General farm workers",Corporation,1,1
Quebec," Global Talent Stream","Saris AI Inc.","Montréal, QC H2X 1X8","0213-Computer and information systems managers",Corporation,1,1
Ontario,"    High Wage","1000044865 ONTARIO INC","Oakville, ON L6H 3P5","2242-Electronic service technicians (household and business equipment)",Unknown,1,1
Ontario,"    High Wage","11227467 Canada Inc.","Bracebridge, ON P1L 1P3","1311-Accounting technicians and bookkeepers",Unknown,1,1
Ontario,"    High Wage","1990601ONTARIO INC.","ETOBICOKE, ON M9A 4X6","7291-Roofers and shinglers",Unknown,1,5
Ontario,"    High Wage","2743365 ONTARIO CORPORATION","ETOBICOKE, ON M9W 6S9","1112-Financial and investment analysts",Unknown,1,1
Ontario,"    High Wage","3 Trees Hardwood Flooring LTD.","Toronto, ON M3J 3H4","9437-Woodworking machine operators",Unknown,1,1
Ontario,"    High Wage","7657587 CANADA LIMITED","Etobicoke, ON M9W 6N5","1241-Administrative assistants",Unknown,1,1
Ontario,"    High Wage","9378677 Canada Inc","Ottawa, ON K1G 0E9",6322-Cooks,Unknown,1,1
Ontario,"    High Wage","Ace Property Care Inc.","Caledon, ON L7C 2K5","1241-Administrative assistants",Unknown,1,1
Ontario,"    High Wage","aldahan renovations inc","mississauga, ON L5L 4W3","0124-Advertising, marketing and public relations managers",Unknown,1,1
Ontario,"    High Wage","ALL ROUTES LOGISTICS INC.","Mississauga, ON L5T 1E7","1241-Administrative assistants",Unknown,1,3
Ontario,"    High Wage","Animals Inc.","TORONTO, ON M6J 2R9","5131-Producers, directors, choreographers and related occupations",Corporation,6,6
Ontario,"    High Wage","Any-Wall Concrete Forming Inc.","Toronto, ON M9L 1Z8","7205-Contractors and supervisors, other construction trades, installers, repairers and servicers",Unknown,1,1
Ontario,"    High Wage","Asymetric Media Ltd.","Toronto, ON M5V 2E7","5131-Producers, directors, choreographers and related occupations",Corporation,1,1
Ontario,"    High Wage","B Negative LLC","TORONTO, ON M5A 2N4","5131-Producers, directors, choreographers and related occupations",Corporation,1,1
Ontario,"    High Wage","Cambridge Resources International (Canada) Inc.","Kingston, ON K7M 8J8","4166-Education policy researchers, consultants and program officers",Unknown,1,1
Ontario,"    High Wage","Crescent Cabinet Company LTD","Hamilton, ON L8L 3Z4","9224-Supervisors, furniture and fixtures manufacturing",Unknown,1,1
Ontario,"    High Wage","DAHI CONSTRUCTION INC.","TORONTO, ON M1N 4A5",7281-Bricklayers,Unknown,1,1
Ontario,"    High Wage","DC FREIGHT HAULERS INC","Woodstock, ON N4T 0G7","1311-Accounting technicians and bookkeepers",Unknown,1,1
Ontario,"    High Wage","DELTAKISH CORPORATION","Aurora, ON L4G 1C9","7305-Supervisors, motor transport and other ground transit operators",Unknown,1,1
Ontario,"    High Wage","DIAMOND INSURANCE GROUP INC.","Brampton, ON L6P 4B5","1241-Administrative assistants",Unknown,1,2
Ontario,"    High Wage","Engtec Consulting Inc","Mississauga, ON L5S 1G1","2231-Civil engineering technologists and technicians",Unknown,1,1
Ontario,"    High Wage","Executive Real Estate Services Limited","BRAMPTON, ON L6Z 4N5","0013-Senior managers - financial, communications and other business services",Unknown,1,1
Ontario,"    High Wage","Feels Like Home Films Inc.","Toronto, ON M6H  2X","5131-Producers, directors, choreographers and related occupations",Co-operative,1,1
Ontario,"    High Wage","Flynn Canada Ltd.","Mississauga, ON L4V 1K2","0711-Construction managers",Unknown,1,1
Ontario,"    High Wage","Greenbay Northern Ltd.","King City, ON L7B 1K5",7281-Bricklayers,Unknown,1,1
Ontario,"    High Wage","Guide Electric Ltd","Etobicoke, ON M9W 6J3","7202-Contractors and supervisors, electrical trades and telecommunications occupations",Unknown,1,1
Ontario,"    High Wage","HSO Enterprise Solutions Inc.","Richmond Hill, ON L4B 3P6","1122-Professional occupations in business management consulting",Unknown,1,1
Ontario,"    High Wage","Ina Construct Services Inc","North York, ON M2H 2C9",7271-Carpenters,Unknown,1,3
Ontario,"    High Wage","INDERSONS ELECTRONICS INC","Mississauga, ON L4W 5K4","0621-Retail and wholesale trade managers",Unknown,1,1
Ontario,"    High Wage","Interglobo North America - Canada Inc","Oakville, ON L6H 5V1","0731-Managers in transportation",Unknown,1,1
Ontario,"    High Wage","Irpinia Kitchens","Richmond Hill, ON L4C 3G7","7204-Contractors and supervisors, carpentry trades",Unknown,1,1
Ontario,"    High Wage","JFE Shoji Power Canada Inc.","Burlington, ON L7N 3W7","0601-Corporate sales managers",Unknown,1,1
Ontario,"    High Wage","Juice Dudez Inc","ottawa, ON K1Z 0A7","6311-Food service supervisors",Unknown,1,1
Ontario,"    High Wage","Kelsey Trail Trucking Ltd.","Innisfil, ON L9S 3V5","7511-Transport truck drivers",Unknown,1,30
Ontario,"    High Wage","Longtech Computer Distribution Inc.","Markham, ON L3R 4C1","0015-Senior managers - trade, broadcasting and other services, n.e.c.",Unknown,1,1
Ontario,"    High Wage","Metro Infrastructure Inc","BRAMPTON, ON L6S 5P2","7611-Construction trades helpers and labourers",Corporation,1,4
Ontario,"    High Wage","OPC.TV INC","TORONTO, ON M5A 2N4","5131-Producers, directors, choreographers and related occupations",Unknown,2,2
Ontario,"    High Wage","Partners Film Inc","TORONTO, ON M5A 3C4","5131-Producers, directors, choreographers and related occupations",Corporation,1,1
Ontario,"    High Wage","Phoenix Contact Ltd","Milton, ON L9T 5V7","0601-Corporate sales managers",Unknown,1,1
Ontario,"    High Wage","Pliteq Inc.","Toronto, ON M2P 2A9","0601-Corporate sales managers",Unknown,1,1
Ontario,"    High Wage","PROINSTALLERS INC.","Brampton, ON L6T 1A2","0714-Facility operation and maintenance managers",Unknown,1,4
Ontario,"    High Wage","Sequoia Content International Ltd.","TORONTO, ON M5B 2E7","5131-Producers, directors, choreographers and related occupations",Corporation,1,1
Ontario,"    High Wage","SIN Structures Inc.","St. Catharines, ON L2P 2H3","7311-Construction millwrights and industrial mechanics",Unknown,1,1
Ontario,"    High Wage","Sister Sophie Ltd.","Markham, ON L3R 3A4","0124-Advertising, marketing and public relations managers",Unknown,1,1
Ontario,"    High Wage","Skin and Bones Film Company","TORONTO, ON M6J 1H6","5131-Producers, directors, choreographers and related occupations",Corporation,2,2
Ontario,"    High Wage","SOFT CITIZEN, INC","Toronto, ON M5A  2N","5131-Producers, directors, choreographers and related occupations",Corporation,1,1
Ontario,"    High Wage","Sparks Productions Incorporated","TORONTO, ON M6K 3J1","5131-Producers, directors, choreographers and related occupations",Corporation,1,1
Ontario,"    High Wage","Stackpole International Powder Metal, Ltd.","Ancaster, ON L9G 4V5","7232-Tool and die makers",Unknown,1,2
Ontario,"    High Wage","Steam Films Inc.","TORONTO, ON M5A 2N4","5131-Producers, directors, choreographers and related occupations",Partnership,1,1
Ontario,"    High Wage","Suneeva Ltd.","TORONTO, ON M5B 2E7","5131-Producers, directors, choreographers and related occupations",Corporation,3,3
Ontario,"    High Wage","TAIE International Institute","Toronto, ON M5B 2J6","0124-Advertising, marketing and public relations managers",Unknown,1,1
Ontario,"    High Wage","The Cohen Clinic","Toronto, ON M4Y 1W4",4151-Psychologists,Unknown,1,2
Ontario,"    High Wage","Ultra Dental Inc.","london, ON N5Y 3J1","3223-Dental technologists, technicians and laboratory assistants",Unknown,1,1
Ontario,"    High Wage","Victoria Canadian Immigration Consultancy Inc.","MISSISSAUGA, ON L4T 0A4","2172-Database analysts and data administrators",Unknown,1,1
Ontario,"    High Wage","Vijilan Security LLC","Richmond Hill, ON L4B 3P8","2171-Information systems analysts and consultants",Unknown,1,1
Ontario,"    High Wage","Vijilan Security LLC","Richmond Hill, ON L4B 3P8","2174-Computer programmers and interactive media developers",Unknown,1,1
Ontario,"    High Wage","Vision Entertainment Inc","TORONTO, ON M6A 2A4","5131-Producers, directors, choreographers and related occupations",Corporation,2,2
Ontario,"    High Wage","York University","Toronto, ON M3J 1P3","4011-University professors and lecturers",Unknown,1,1
Ontario,"   Low Wage","13479251 Canada Ltd","Vaughan, ON L4L 3R5",6345-Upholsterers,Unknown,1,1
Ontario,"   Low Wage","1458935 Ontario Ltd.","Toronto, ON M6A 1Y7","9617-Labourers in food, beverage and associated products processing",Unknown,1,4
Ontario,"   Low Wage","1654187 ONTARIO INC.","TRENTON, ON K8V 5P6","1221-Administrative officers",Unknown,1,1
Ontario,"   Low Wage","1654187 ONTARIO INC.","TRENTON, ON K8V 5P6","1311-Accounting technicians and bookkeepers",Unknown,1,1
Ontario,"   Low Wage","2133807 Ontario Inc.","Brampton, ON L6P 2K7","6341-Hairstylists and barbers",Unknown,1,1
Ontario,"   Low Wage","2171187 Ontario Inc","Rosseau, ON P0C 1J0","0631-Restaurant and food service managers",Unknown,1,1
Ontario,"   Low Wage","2243600 Ontario inc","mississauga, ON L5M 5X5",6322-Cooks,Unknown,1,1
Ontario,"   Low Wage","2365479 ONTARIO LTD.","Toronto, ON M9N 2T8","6311-Food service supervisors",Unknown,1,1
Ontario,"   Low Wage","2412115 Ontario Inc.","BRAMPTON, ON L6T 1A7","7535-Other automotive mechanical installers and servicers",Unknown,1,1
Ontario,"   Low Wage","2464553 Ontario Inc  ( Bunman)","mississauga, ON L4X 2J4",6332-Bakers,Unknown,1,1
Ontario,"   Low Wage","2504983 Ontario Inc OA  Subway Sandwich","Sioux Lookout, ON P8T 1B8","6711-Food counter attendants, kitchen helpers and related support occupations",Unknown,1,1
Ontario,"   Low Wage","2520078 ONTARIO INC .","Brampton, ON L6T 5A2","1311-Accounting technicians and bookkeepers",Unknown,1,1
Ontario,"   Low Wage","2615669 ONTARIO INC","ST CATHERINE, ON L2P 1N5","6211-Retail sales supervisors",Unknown,1,1
Ontario,"   Low Wage","2664483 Ontario Inc.","Ancaster, ON L9G 1N1",6322-Cooks,Unknown,1,1
Ontario,"   Low Wage","2675464 ONTARIO INC","Woodbridge, ON L4L 8B5","1241-Administrative assistants",Unknown,1,1
Ontario,"   Low Wage","2757593 ONTARIO INC.","WASAGA BEACH, ON L9Z 2C5",6322-Cooks,Unknown,1,1
Ontario,"   Low Wage","2773517 Ontario Inc.","Toronto, ON M6J 1E3",6611-Cashiers,Unknown,1,1
Ontario,"   Low Wage","2773517 Ontario Inc.","Toronto, ON M6J 1E3","6622-Store shelf stockers, clerks and order fillers",Unknown,1,1
Ontario,"   Low Wage","5006390 Ontario Ltd","Stratford, ON N5A 1J4","1221-Administrative officers",Unknown,1,1
Ontario,"   Low Wage","7270411 Canada Inc","Ottawa, ON K1S 3Y2",6332-Bakers,Unknown,1,1
Ontario,"   Low Wage","AIA INSURANCE BROKERS LTD.","Vaughan, ON L4L 1T9","1221-Administrative officers",Unknown,1,1
Ontario,"   Low Wage","Demo For Your Reno Inc.","Toronto, ON M9A 1B2","7611-Construction trades helpers and labourers",Unknown,1,1
Ontario,"   Low Wage","Farrish Crushing Inc.","Listowel, ON N4W 3G6","7521-Heavy equipment operators (except crane)",Unknown,1,1
Ontario,"   Low Wage","Ganlaksmi Investment Corporation","Toronto, ON M9V 4B4","6313-Accommodation, travel, tourism and related services supervisors",Unknown,1,1
Ontario,"   Low Wage","langdon retirement villa incorporated","woodstock, ON N4V 1A6","3413-Nurse aides, orderlies and patient service associates",Unknown,1,2
Ontario,"   Low Wage","London Waldorf School","London, ON N6G 1A5","4032-Elementary school and kindergarten teachers",Unknown,1,1
Ontario,"   Low Wage","MATRIX FURNITURE GROUP INC.","Toronto, ON M9W 4X3","6211-Retail sales supervisors",Unknown,1,1
Ontario,"   Low Wage","MTE Consultants Inc.","Kitchener, ON N2B 3X9","2254-Land survey technologists and technicians",Corporation,1,1
Ontario,"   Low Wage","NORTHSTAR CONSULTING INC.","Sault Ste. Marie, ON P6B 1Y2","1221-Administrative officers",Unknown,1,1
Ontario,"   Low Wage","OMNI KITCHEN AND BATH STUDIO Inc.","Brampton, ON L6R 1M4",7272-Cabinetmakers,Unknown,1,1
Ontario,"   Low Wage","P & G Truck & Trailer Repair Inc","Mississauga, ON L5T 2C1","7612-Other trades helpers and labourers",Unknown,1,1
Ontario,"   Low Wage","Pinehill Church of Christ","Sault Ste Marie, ON P6B 1N4","4154-Professional occupations in religion",Unknown,1,1
Ontario,"   Low Wage","PK Chem Industries Ltd.","Mississauga, ON L5S 1J6","1215-Supervisors, supply chain, tracking and scheduling co-ordination occupations",Unknown,1,1
Ontario,"   Low Wage","Rehoboth Chaffing World Rental $ Catering Services Inc","Oshawa, ON L1L 0G4",6322-Cooks,Unknown,1,2
Ontario,"   Low Wage","Soul Restaurants Canada Inc","Toronto, ON M2N 6K1","6311-Food service supervisors",Unknown,1,1
Ontario,"   Low Wage","Sure Track Courier Ltd.","Concord, ON L4K 5B5","7511-Transport truck drivers",Unknown,1,4
Ontario,"   Low Wage","Tirthankar Limited","toronto, ON M4G 3V1","7514-Delivery and courier service drivers",Unknown,1,1
Ontario,"   Low Wage","Trebastien Inc","st catharines, ON L2R 2N3",6322-Cooks,Unknown,1,1
Ontario,"   Low Wage","Trump Transport Inc.","Brampton, ON L6T 0H7","7302-Contractors and supervisors, heavy equipment operator crews",Unknown,2,2
Ontario,"   Low Wage","Wing Hing Lung Limited","Toronto, ON M8Z 5E9","9617-Labourers in food, beverage and associated products processing",Unknown,1,1
Ontario,"   Low Wage","Zigma Internet Marketing Inc.","Thornhill, ON L4J 1V9","5241-Graphic designers and illustrators",Unknown,1,1
Ontario,"  Primary Agriculture","11666622 Canada Inc.","Mississauga, ON L5W 0H7","8431-General farm workers",Unknown,1,5
Ontario,"  Primary Agriculture","609968 Ontario Limited","Wainfleet, ON L0S 1V0","8431-General farm workers",Unknown,1,2
Ontario,"  Primary Agriculture","Golden Acre Farms Inc.","Kingsville, ON N9Y 2E4","8431-General farm workers",Unknown,1,51
Manitoba,"    High Wage","10016472 Manitoba Ltd.","Winnipeg, MB R2P 2Y9","1221-Administrative officers",Unknown,1,1
Manitoba,"    High Wage","7553669 Manitoba Inc.","Winnipeg, MB R3M 2L6","1311-Accounting technicians and bookkeepers",Unknown,1,1
Manitoba,"    High Wage","Brar Brothers Transport Ltd.","Winnipeg, MB R2X 2Y1","7511-Transport truck drivers",Unknown,1,5
Manitoba,"    High Wage","Mahant Krupa Inc.","Minnedosa, MB R0J 1E0","6312-Executive housekeepers",Unknown,1,2
Manitoba,"    High Wage","NEO SHOP INC.","Winnipeg, MB R3C 0J7","6211-Retail sales supervisors",Unknown,1,1
Manitoba,"    High Wage","Providence University College and Theological Seminary","Otterburne, MB R0A 1G0","4011-University professors and lecturers",Unknown,1,1
Manitoba,"    High Wage","Quantum Utilities Ltd.","Winnipeg, MB R2R 1V6","7245-Telecommunications line and cable workers",Unknown,1,1
Manitoba,"    High Wage","Ran-Pasat Services INC","Winnipeg, MB R3E 0M4","1123-Professional occupations in advertising, marketing and public relations",Unknown,1,1
Manitoba,"    High Wage","Trip Laureate Limited","Winnipeg, MB R2G 2T7","1221-Administrative officers",Unknown,1,1
Manitoba,"    High Wage","XCHANGE TRANSPORTATION SYTEM INC.","Winnipeg, MB R2R 1V4","7511-Transport truck drivers",Unknown,1,3
Manitoba,"   Low Wage","10029888 Manitoiba Inc","Winnipeg, MB R3W 0A5","6311-Food service supervisors",Unknown,1,2
Manitoba,"   Low Wage","10029888 Manitoiba Inc","Winnipeg, MB R3W 0A5",6322-Cooks,Unknown,1,2
Manitoba,"   Low Wage","10040233 Manitoba Ltd.","Winnipeg, MB R2R 2V1","6311-Food service supervisors",Unknown,1,1
Manitoba,"   Low Wage","Andreanne Designs Inc","Winnipeg, MB R3L 0R6","9446-Industrial sewing machine operators",Unknown,1,1
Manitoba,"   Low Wage","Cool Lemon LTD","Winnipeg, MB R3J 3W6","6711-Food counter attendants, kitchen helpers and related support occupations",Unknown,1,2
Manitoba,"   Low Wage","Elite Oil Inc.","Sunnyside, MB R5R 0J4","1524-Purchasing and inventory control workers",Unknown,1,1
Manitoba,"   Low Wage","Pro-Care Health Services LTD","Winnipeg, MB R3C 1H9","3413-Nurse aides, orderlies and patient service associates",Unknown,2,7
Manitoba,"   Low Wage","Steinbach Pizza Ltd","Steinbach, MB R5G 1T6",6322-Cooks,Unknown,1,3
Manitoba,"  Primary Agriculture","Pennwood Dairy Inc.","STEINBACH, MB R5G 1L9","8431-General farm workers",Unknown,1,1
Saskatchewan,"   Low Wage","102118366 SASKATCHEWAN LTD.","Fillmore, SK S0G 1N0",6322-Cooks,Unknown,1,1
Saskatchewan,"   Low Wage","Brigadier Equities Ltd.","Meadow Lake, SK S9X 1Y8","6711-Food counter attendants, kitchen helpers and related support occupations",Unknown,1,2
Saskatchewan,"   Low Wage","Dr. Rick Jaggi Medical Prof. Corp.","SASKATOON, SK S7K 2J1","3219-Other medical technologists and technicians (except dental health)",Unknown,1,1
Saskatchewan,"   Low Wage","F.P. Bourgault Tillage Tools Ltd.","St. Brieux, SK S0K 3V0","9614-Labourers in wood, pulp and paper processing",Unknown,1,1
Saskatchewan,"   Low Wage","Foam Lake Dollar Store Limited","Foam Lake, SK S0A 1A0","6211-Retail sales supervisors",Unknown,1,1
Saskatchewan,"   Low Wage","H. K. CHOI HOLDINGS LTD.","Kamsack, SK S0A 1S0","6211-Retail sales supervisors",Unknown,1,1
Saskatchewan,"   Low Wage","Hanmam Enterprises Ltd.","Moose Jaw, SK S6J 1L4","6315-Cleaning supervisors",Unknown,1,2
Saskatchewan,"   Low Wage","R & D DRYWALL INC.","SASKATOON, SK S7K 5H1","7294-Painters and decorators (except interior decorators)",Unknown,1,1
Alberta,"    High Wage","1515134 Alberta Ltd.","Calgary, AB T2E 2M7","1123-Professional occupations in advertising, marketing and public relations",Unknown,1,1
Alberta,"    High Wage","1756888 ALBERTA LTD","Calgary, AB T3J 0W2",1525-Dispatchers,Unknown,1,1
Alberta,"    High Wage","2022492 Alberta Inc","Edmonton, AB T6T 0R6",1525-Dispatchers,Unknown,1,1
Alberta,"    High Wage","2040242 Alberta Inc.","St Albert, AB T8N 7A5","1241-Administrative assistants",Unknown,1,1
Alberta,"    High Wage","2121503 Alberta Inc.","Calgary, AB T2H 2K6","1241-Administrative assistants",Unknown,1,1
Alberta,"    High Wage","2163714 ALBERTA LTD","Pincher Creek, AB T0K 1W0","1311-Accounting technicians and bookkeepers",Unknown,1,1
Alberta,"    High Wage","2231220 Alberta Ltd. O/A Two Hills Foods","Two Hills, AB T0B 4K0","1221-Administrative officers",Unknown,1,1
Alberta,"    High Wage","2395468 ALBERTA LTD.","Calgary, AB T3J 5H3",3114-Veterinarians,Unknown,1,2
Alberta,"    High Wage","BANA'S TRUCKING LTD.","EDMONTON, AB T5C 2L8","7511-Transport truck drivers",Unknown,1,2
Alberta,"    High Wage","Bufalus Transport LTD","Calgary, AB T3M 1N5","7511-Transport truck drivers",Unknown,1,3
Alberta,"    High Wage","Burman University","Lacombe, AB T4L 2E5","4011-University professors and lecturers",Unknown,1,1
Alberta,"    High Wage","Calgary Railings Ltd","Calgary, AB T3J 4H5","1241-Administrative assistants",Unknown,1,1
Alberta,"    High Wage","Calgary Railings Ltd","Calgary, AB T3J 4H5",7272-Cabinetmakers,Unknown,1,1
Alberta,"    High Wage","Canvita Canada Ltd.","Calgary, AB T3J 0R5","0014-Senior managers - health, education, social and community services and membership organizations",Unknown,1,1
Alberta,"    High Wage","CHARIS COURIER INC","CALGARY, AB T3H 5Z7","1225-Purchasing agents and officers",Unknown,1,1
Alberta,"    High Wage","COUGAR LOGISTICS INC.","Calgary, AB T3J 4X5","7305-Supervisors, motor transport and other ground transit operators",Unknown,1,2
Alberta,"    High Wage","DTSA Inc.","Calgary, AB T3C 0J8","0213-Computer and information systems managers",Unknown,1,1
Alberta,"    High Wage","Elite Global Solutions Inc.","Calgary, AB T2Z 3R6","1123-Professional occupations in advertising, marketing and public relations",Unknown,1,2
Alberta,"    High Wage","GDW Windows & Doors Inc.","Sherwood Park, AB T8A 0Z2","7441-Residential and commercial installers and servicers",Unknown,1,1
Alberta,"    High Wage","HPJ Transportation Group Inc.","CALGARY, AB T3K 3V4","7511-Transport truck drivers",Unknown,1,2
Alberta,"    High Wage","Jay's Metal Products Ltd.","Calgary, AB T2E 8S1","2234-Construction estimators",Unknown,1,2
Alberta,"    High Wage","Jay's Metal Products Ltd.","Calgary, AB T2E 8S1","7201-Contractors and supervisors, machining, metal forming, shaping and erecting trades and related occupations",Unknown,1,1
Alberta,"    High Wage","Jay's Metal Products Ltd.","Calgary, AB T2E 8S1","7235-Structural metal and platework fabricators and fitters",Unknown,1,2
Alberta,"    High Wage","JGN Bunty Trucking Ltd","Calgary, AB T3J 2W3","1241-Administrative assistants",Unknown,1,1
Alberta,"    High Wage","LOTUS CREATIVE SOLUTIONS LTD.","Edmonton, AB T6N 1B4","4163-Business development officers and marketing researchers and consultants",Unknown,1,1
Alberta,"    High Wage","MANN PURIA GROUP INC.","Calgary, AB T3J 0E7","1241-Administrative assistants",Unknown,1,1
Alberta,"    High Wage","MANN PURIA GROUP INC.","Calgary, AB T3J 0E7","1311-Accounting technicians and bookkeepers",Unknown,1,1
Alberta,"    High Wage","Mark Zhang Professional Corporation","Calgary, AB T3K 5P3","1431-Accounting and related clerks",Unknown,1,1
Alberta,"    High Wage","Method Acoustic Inc.","Sherwood Park, AB T8H 0M2",7292-Glaziers,Unknown,1,1
Alberta,"    High Wage","New Generation Plastering Inc.","Edmonton, AB T5B 3T8","7284-Plasterers, drywall installers and finishers and lathers",Unknown,1,3
Alberta,"    High Wage","PB12 Bains transport ltd","Edmonton, AB T6L 3K5","7511-Transport truck drivers",Unknown,1,2
Alberta,"    High Wage","Phoenix Heli-Flight Inc.","Fort McMurray, AB T9H 0H8","2271-Air pilots, flight engineers and flying instructors",Unknown,1,2
Alberta,"    High Wage","ROVER CARRIER LIMITED","Calgary, AB T1Y 7H3","1241-Administrative assistants",Unknown,1,1
Alberta,"    High Wage","Specialized Stair & Rail Ltd","Edmonton, AB T5V 0A3",7271-Carpenters,Unknown,1,1
Alberta,"    High Wage","Swerdna Services Ltd","Edmonton, AB T6E 5R2","7522-Public works maintenance equipment operators and related workers",Unknown,1,2
Alberta,"    High Wage","TGP Trucking Ltd.","Chestermere, AB T1X 0T8","7511-Transport truck drivers",Unknown,1,4
Alberta,"    High Wage","THE INTERNATIONAL MARKETPLACE BUSINESS GROUP INC.","Calgary, AB T2C 2B3","0124-Advertising, marketing and public relations managers",Unknown,1,1
Alberta,"    High Wage","Wintrust Immigration Inc.","Edmonton, AB T5J 3R8","1123-Professional occupations in advertising, marketing and public relations",Unknown,1,1
Alberta,"    High Wage","Wintrust Immigration Inc.","Edmonton, AB T5J 3R8","1241-Administrative assistants",Unknown,1,1
Alberta,"   Low Wage","1326106 Alberta Ltd.","Boyle, AB T0A 0M0","6311-Food service supervisors",Unknown,1,1
Alberta,"   Low Wage","1718085 ALBERTA LTD","CALGARY, AB T3J 1T9","6311-Food service supervisors",Unknown,1,1
Alberta,"   Low Wage","1722025 ALBERTA LTD","Brooks, AB T1R 1C3","6315-Cleaning supervisors",Unknown,1,1
Alberta,"   Low Wage","1813305 AB LTD","Slave Lake, AB T0G 2A0","6711-Food counter attendants, kitchen helpers and related support occupations",Unknown,1,2
Alberta,"   Low Wage","1878717 Alberta Ltd","Calgary, AB T3R 0V8","1241-Administrative assistants",Unknown,1,1
Alberta,"   Low Wage","1900358 Alberta Ltd.","Banf, AB T1L 1B4","1241-Administrative assistants",Unknown,1,1
Alberta,"   Low Wage","1900358 Alberta Ltd.","Banf, AB T1L 1B4","1311-Accounting technicians and bookkeepers",Unknown,1,1
Alberta,"   Low Wage","1924085 Alberta Inc.","Cochrane, AB T4C 1M1","3213-Animal health technologists and veterinary technicians",Unknown,1,1
Alberta,"   Low Wage","2023366 ALBERTA LTD.","BEAUMONT, AB T4X 1V8","4214-Early childhood educators and assistants",Unknown,1,3
Alberta,"   Low Wage","2047433 Alberta Ltd. o/a Triple S Noodle Bar","Fort McMurray, AB T9K 1S6","6513-Food and beverage servers",Unknown,1,2
Alberta,"   Low Wage","2085533 Alberta Ltd.","Edmonton, AB T5C 2L2",6321-Chefs,Unknown,1,1
Alberta,"   Low Wage","2103856 Alberta Ltd.","St. Albert, AB T8N 7C8","6513-Food and beverage servers",Unknown,1,1
Alberta,"   Low Wage","2255447 Alberta Ltd","Edmonton, AB T5T 3T9","1241-Administrative assistants",Unknown,1,1
Alberta,"   Low Wage","2277361 Alberta Inc.","LEDUC, AB T9E 0C4","6311-Food service supervisors",Unknown,1,1
Alberta,"   Low Wage","3G & C Ltd","Slave Lake, AB T0G 2A0","6311-Food service supervisors",Unknown,1,2
Alberta,"   Low Wage","672854 Alberta LTD","Calgary, AB T2W 5V3","6563-Pet groomers and animal care workers",Unknown,1,1
Alberta,"   Low Wage","Alpine Village (1986) LTD","Jasper, AB T0E 1E0","0632-Accommodation service managers",Unknown,1,1
Alberta,"   Low Wage","Ayesha's Kitchen Inc","Edmonton, AB T6J 4R6","6513-Food and beverage servers",Unknown,1,1
Alberta,"   Low Wage","Can Pak Ltd","Red Deer, AB T4R 2L4","1311-Accounting technicians and bookkeepers",Unknown,1,1
Alberta,"   Low Wage","Challgle Canada Inc.","CALGARY, AB T2E 6V2","1526-Transportation route and crew schedulers",Unknown,1,1
Alberta,"   Low Wage","Chirp Foods Inc","Strathmore, AB T1P 0A2","6311-Food service supervisors",Unknown,1,2
Alberta,"   Low Wage","Duke Homes Inc.","Airdrie, AB T4A 0K3","1241-Administrative assistants",Unknown,1,1
Alberta,"   Low Wage","G&S Meats Ltd.","Ponoka, AB T5J 1R3","6331-Butchers, meat cutters and fishmongers - retail and wholesale",Unknown,1,1
Alberta,"   Low Wage","Grande Cache Hotel INC.,","GRANDE CACHE, AB T0E 0Y0",6322-Cooks,Unknown,1,4
Alberta,"   Low Wage","Gur Khalsa Renovations Inc.","Edmonton, AB T6B 3G1","7611-Construction trades helpers and labourers",Unknown,1,3
Alberta,"   Low Wage","Khushi Investments Inc","Taber, AB T1G 1V3","6711-Food counter attendants, kitchen helpers and related support occupations",Unknown,1,2
Alberta,"   Low Wage","Lloydminster Pizza Ltd.","Lloydminster, AB T9V 2G5",6322-Cooks,Unknown,1,4
Alberta,"   Low Wage","Mobi Enterprises Inc","Calgary, AB T2N 3R5","6211-Retail sales supervisors",Unknown,1,1
Alberta,"   Low Wage","Mooncon Electrical Ltd","Edmonton, AB T6X 0A9","6211-Retail sales supervisors",Unknown,1,1
Alberta,"   Low Wage","Olive Bistro & Lounge Inc.","Jasper, AB T0E 1E0","6311-Food service supervisors",Unknown,1,1
Alberta,"   Low Wage","play 'n' fun day care ltd.","edmonton, AB T6W 4H8","4214-Early childhood educators and assistants",Unknown,1,2
Alberta,"   Low Wage","REYNANDA Inc","Edmonton, AB T5T 4N7",1414-Receptionists,Unknown,1,1
Alberta,"   Low Wage","Sandal Translation Services Ltd.","Calgary, AB T3J 3W5","1241-Administrative assistants",Unknown,1,1
Alberta,"   Low Wage","Shaan Glass Ltd.","Edmonton, AB T6B 3P3","6421-Retail salespersons",Unknown,1,1
Alberta,"   Low Wage","Special Noodle House Ltd","Sherwood Park, AB T8H 0M4","6311-Food service supervisors",Unknown,1,1
Alberta,"   Low Wage","Trans Canada Bus Line LTD","Calgary, AB T3C 1S2","7512-Bus drivers, subway operators and other transit operators",Unknown,1,1
Alberta,"   Low Wage","Uman99 transport ltd","Edmonton, AB T5L 0E9","7511-Transport truck drivers",Unknown,1,1
Alberta,"   Low Wage","VIL HOMES INC.","CALGARY, AB T3N 1L3",7272-Cabinetmakers,Unknown,1,1
Alberta,"   Low Wage","WESTLOCK SLEEP SHOP INC.","WESTLOCK, AB T7P 2C6","6421-Retail salespersons",Unknown,1,1
Alberta," Global Talent Stream","Steve Oba Telecommunication Inc.","Athabasca, AB T9S 2B5","2283-Information systems testing technicians",Unknown,1,1
"British Columbia","    High Wage","10161233 Canada Ltd","Rock Creek, BC V0H 1Y0","1123-Professional occupations in advertising, marketing and public relations",Unknown,1,1
"British Columbia","    High Wage","1085957 B.C. LTD.","Burnaby, BC V5J 4K4","0651-Managers in customer and personal services, n.e.c.",Unknown,1,1
"British Columbia","    High Wage","1112707 BC Ltd","Richmond, BC V6V 1Z1","1221-Administrative officers",Unknown,1,1
"British Columbia","    High Wage","1824723 Alberta Ltd.","Victoria, BC V8X 4L5","7295-Floor covering installers",Unknown,1,2
"British Columbia","    High Wage","3M Cargo Ltd","Surrey, BC V3S 6S4","7511-Transport truck drivers",Unknown,1,2
"British Columbia","    High Wage","786 B.C. Development Ltd.","Surrey, BC V3R 6W1",7271-Carpenters,Unknown,1,2
"British Columbia","    High Wage","A I Educational Consultancy Pvt. Ltd.","Surrey, BC V3W 3N4","1241-Administrative assistants",Unknown,1,1
"British Columbia","    High Wage","AJE Rai Professional Services Inc.","Surrey, BC V3S 3J4","1311-Accounting technicians and bookkeepers",Unknown,1,1
"British Columbia","    High Wage","ALP'S LUBRICANT ENTERPRISES INC.","Surrey, BC V3W 3N2","1241-Administrative assistants",Unknown,1,1
"British Columbia","    High Wage","AP Immigration & Employment Services LTD.","Surrey, BC V3R 1M7","1221-Administrative officers",Unknown,1,1
"British Columbia","    High Wage","Apollo Excavating & Civil Works Ltd.","Richmond, BC V6V 3B5","1123-Professional occupations in advertising, marketing and public relations",Unknown,1,1
"British Columbia","    High Wage","Appenzell Construction Inc.","Revelstoke, BC V0E 3K0",7271-Carpenters,Unknown,1,1
"British Columbia","    High Wage","AshTree Advisory Services Corporation","North Vancouver, BC V7M 1B3","0125-Other business services managers",Unknown,1,1
"British Columbia","    High Wage","B4Zen Landscape and Gardening Ltd","Surrey, BC V3Z 0Z5","0016-Senior managers - construction, transportation, production and utilities",Unknown,1,1
"British Columbia","    High Wage","Batth Transport Ltd","Surrey, BC V3Z 0C7","7511-Transport truck drivers",Unknown,1,3
"British Columbia","    High Wage","BlueFresh Farm and Nursery Ltd","Armstrong, BC V0E 1B6","1241-Administrative assistants",Unknown,1,1
"British Columbia","    High Wage","Buttar Labour Supply Services Ltd","Delta, BC V4C 6V6","1123-Professional occupations in advertising, marketing and public relations",Unknown,1,1
"British Columbia","    High Wage","Canadian Dreams Commercial & Residential Services Ltd.","Burnaby, BC V5H 4T2","0015-Senior managers - trade, broadcasting and other services, n.e.c.",Unknown,1,1
"British Columbia","    High Wage","Cooked in heaven catering Ltd.","coquitlam, BC V3E 2X8",6321-Chefs,Unknown,1,1
"British Columbia","    High Wage","Devkhush industries Ltd.","Cranbrook, BC V1C 3R1",6322-Cooks,Unknown,1,2
"British Columbia","    High Wage","Dhillon & Dhillon Transport Ltd","Surrey, BC V3W 2V3","7511-Transport truck drivers",Unknown,1,10
"British Columbia","    High Wage","EMAAN EXCAVATING AND CONSTRUCTION LTD.","Surrey, BC V3S 9H1","1221-Administrative officers",Unknown,1,1
"British Columbia","    High Wage","FRONTIER JANITORIAL SERVICES LTD.","Vancouver, BC V6S 1H9","6315-Cleaning supervisors",Unknown,1,1
"British Columbia","    High Wage","Georgia Pacific Holdings Corp.","Vancouver, BC V6G  2Z","0711-Construction managers",Corporation,1,1
"British Columbia","    High Wage","Good Luck Siding & Roofing Ltd.","Surrey, BC V3S 6Z6",7271-Carpenters,Unknown,1,1
"British Columbia","    High Wage","HOLLY FOOD ENTERPRISES LTD","North Vancouver, BC V7P 3H4","2175-Web designers and developers",Unknown,1,1
"British Columbia","    High Wage","HOOBITA TRANSPORTATION & TRADING LTD","North Vancouver, BC V7P 2B5","0015-Senior managers - trade, broadcasting and other services, n.e.c.",Unknown,1,1
"British Columbia","    High Wage","I & G Landscaping Services Ltd","Abbotsford, BC V2T 6V1","8255-Contractors and supervisors, landscaping, grounds maintenance and horticulture services",Unknown,1,1
"British Columbia","    High Wage","J&E Fitness Inc.","Port Coquitlam, BC V3B 0M3","7445-Other repairers and servicers",Unknown,1,1
"British Columbia","    High Wage","J&J Freshlook Homes Ltd","Abbotsford, BC V2T 1S3","2242-Electronic service technicians (household and business equipment)",Unknown,1,1
"British Columbia","    High Wage","JM FORGE IRONWORK INC.","Surrey, BC V3R 7S2","7235-Structural metal and platework fabricators and fitters",Unknown,1,1
"British Columbia","    High Wage","K.R.C Perfume Club Ltd.","Surrey, BC V3S 8N4","1221-Administrative officers",Unknown,1,1
"British Columbia","    High Wage","Lemonade Films Inc.","Vancouver, BC V6B  1G","5131-Producers, directors, choreographers and related occupations",Corporation,1,1
"British Columbia","    High Wage","METROPOLITAN IMMIGRATION AND SETTLEMENT SERVICES LTD.","BURNABY, BC V5A 4R4","0114-Other administrative services managers",Unknown,1,1
"British Columbia","    High Wage","NAGRA ACCOUNTING INC.","Surrey, BC V3W 2M9","1311-Accounting technicians and bookkeepers",Unknown,1,1
"British Columbia","    High Wage","Narain Transport Ltd.","ABBOTSFORD, BC V2T 4P3","7511-Transport truck drivers",Unknown,1,3
"British Columbia","    High Wage","New Look Landscaping Ltd.","Surrey, BC V3V 3A3","2225-Landscape and horticulture technicians and specialists",Unknown,1,3
"British Columbia","    High Wage","Neximum Outsourcing Inc.","Surrey, BC V3X 3E8","1122-Professional occupations in business management consulting",Corporation,1,1
"British Columbia","    High Wage","Otac Property Services Inc.","Burnaby, BC V5B 4V5","6315-Cleaning supervisors",Unknown,1,1
"British Columbia","    High Wage","Papa Technology Inc.","Delta, BC V4C 6S3","1221-Administrative officers",Unknown,1,1
"British Columbia","    High Wage","PARAVIEW ELECTRICAL LTD.","ABBOTSFORD, BC V2T 4J3","1311-Accounting technicians and bookkeepers",Unknown,1,1
"British Columbia","    High Wage","Park Hair Studio Ltd.","Burnaby, BC V5C 6R6","0651-Managers in customer and personal services, n.e.c.",Corporation,1,1
"British Columbia","    High Wage","Peace Janitorial Services Ltd.","Fort St John, BC V1J 4W9","1311-Accounting technicians and bookkeepers",Unknown,1,1
"British Columbia","    High Wage","PLANET TAXI BC LTD.","MADEIRA PARK, BC V0N 2H1","5241-Graphic designers and illustrators",Unknown,1,1
"British Columbia","    High Wage","Royal Palace Construction & Design LTD.","North Vancouver, BC V7L 2P7",2151-Architects,Unknown,1,1
"British Columbia","    High Wage","Satdeol Framing Ltd","Abbotsford, BC V2T 6V1",7271-Carpenters,Unknown,1,1
"British Columbia","    High Wage","SEKHON & SONS NURSERY INC.","Pitt Meadows, BC V3Y 2T9","7521-Heavy equipment operators (except crane)",Unknown,1,3
"British Columbia","    High Wage","Skyline Drywall Ltd.","Surrey, BC V3W 1A4",7293-Insulators,Unknown,1,5
"British Columbia","    High Wage","Swenam Academy Corporation","Burnaby, BC V5C 6C6","0421-Administrators - post-secondary education and vocational training",Unknown,1,1
"British Columbia","    High Wage","True Design Homes Ltd.","Surrey, BC V3W 1R1","7237-Welders and related machine operators",Unknown,1,2
"British Columbia","    High Wage","West Van Irrigation Ltd","North Vancouver, BC V7P 1B7","8255-Contractors and supervisors, landscaping, grounds maintenance and horticulture services",Unknown,1,1
"British Columbia","    High Wage","Woodtech Kitchen Cabinets Ltd","Surrey, BC V3W  3E",7271-Carpenters,Corporation,1,1
"British Columbia","    High Wage","ZASH INTERNATIONAL SERVICES INC.","Vancouver, BC V6G 2Z6","1112-Financial and investment analysts",Unknown,1,1
"British Columbia","    High Wage","ZHENGZHENG MUSIC LTD.","Burnaby, BC V5H 2A9","0621-Retail and wholesale trade managers",Unknown,1,1
"British Columbia","   Low Wage","0978194 BC LTD.","Abbotsford, BC V2T 0C5",6322-Cooks,Unknown,1,4
"British Columbia","   Low Wage","0990135 B.C. LTD.","Surrey, BC V3S 8S1","1311-Accounting technicians and bookkeepers",Unknown,1,1
"British Columbia","   Low Wage","1073363 BC LTD","delta, BC V4C 6P5","6513-Food and beverage servers",Unknown,1,1
"British Columbia","   Low Wage","1255648 B.C. Ltd.","Vancouver, BC V5T 1W5","6331-Butchers, meat cutters and fishmongers - retail and wholesale",Unknown,1,1
"British Columbia","   Low Wage","1256986 BC Ltd.","Victoria, BC V8T 2C3","6562-Estheticians, electrologists and related occupations",Unknown,1,2
"British Columbia","   Low Wage","1293399 B.C. LTD. o/a Boston Pizza","Dawson Creek, BC V1G 1Z8","6311-Food service supervisors",Unknown,1,1
"British Columbia","   Low Wage","1440 Developments Ltd.","Surrey, BC V3Z 0X9","1241-Administrative assistants",Unknown,1,1
"British Columbia","   Low Wage","242 Brew Ltd","Tumbler Ridge, BC V0C 2W0",6322-Cooks,Unknown,1,2
"British Columbia","   Low Wage","426889 BC LTD","Penticton, BC V2A 7M2","6311-Food service supervisors",Unknown,2,7
"British Columbia","   Low Wage","Able Boys Insulation ltd.","Surrey, BC V3W 1T4","7611-Construction trades helpers and labourers",Unknown,1,4
"British Columbia","   Low Wage","AHS Building Maintenance Ltd.","Surrey, BC V3W 5W2","6731-Light duty cleaners",Unknown,1,1
"British Columbia","   Low Wage","Angel Daycare Centre","Agassiz, BC V0M 1A2","4214-Early childhood educators and assistants",Unknown,1,1
"British Columbia","   Low Wage","ASCO Crating Ltd.","Maple Ridge, BC V2X 0M5","7611-Construction trades helpers and labourers",Unknown,1,1
"British Columbia","   Low Wage","BA Restaurant Holdings Ltd.","Vancouver, BC V6B 0R3","0631-Restaurant and food service managers",Unknown,1,1
"British Columbia","   Low Wage","Baketurk Foods Co Ltd","Vancouver, BC V6K 1N8","6311-Food service supervisors",Unknown,1,1
"British Columbia","   Low Wage","Canadian Tax Services Inc.","Vancouver, BC V5X 3T6","1241-Administrative assistants",Unknown,1,1
"British Columbia","   Low Wage","Dami sushi & korean restaurant ltd","vancouver, BC V5M 2Y9",6322-Cooks,Unknown,1,2
"British Columbia","   Low Wage","Dutil Denim Inc.","Vancouver, BC V6B 1E5","1241-Administrative assistants",Unknown,1,1
"British Columbia","   Low Wage","Fairdeal Services Ltd","Surrey, BC V3T 1E7","1241-Administrative assistants",Unknown,1,1
"British Columbia","   Low Wage","Feng Li Service limited","langley, BC V1M 2C9","6513-Food and beverage servers",Unknown,1,1
"British Columbia","   Low Wage","Gas Guys Outdoor Design Ltd.","surrey, BC V3S 1X7","7611-Construction trades helpers and labourers",Unknown,1,3
"British Columbia","   Low Wage","Island Nails and Spa Ltd.","Victoria, BC V9B 1X1","6562-Estheticians, electrologists and related occupations",Unknown,1,1
"British Columbia","   Low Wage","Jasco Forest Products Ltd","Abbotsford, BC V2S 8J7","9614-Labourers in wood, pulp and paper processing",Unknown,1,4
"British Columbia","   Low Wage","JJ43 Supplies Ltd.","Vancouver, BC V6B 0J4","6513-Food and beverage servers",Unknown,1,1
"British Columbia","   Low Wage","JMZM Engineering Inc","Belcarra, BC V3H 5B6","9522-Motor vehicle assemblers, inspectors and testers",Unknown,1,1
"British Columbia","   Low Wage","Kara-Kata Afrobeat Society of Canada","Mission, BC V2V 0A9","8431-General farm workers",Unknown,1,1
"British Columbia","   Low Wage","La Notte Restaurant (2012) LTD.","Vancouver, BC V6S 2B9",6321-Chefs,Unknown,1,1
"British Columbia","   Low Wage","Le Crepe Montagne Inc.","Whistler, BC V8E 1B6",6322-Cooks,Unknown,1,1
"British Columbia","   Low Wage","Michalik Enterprises Ltd","Kelowna, BC V1X 4Y9","6711-Food counter attendants, kitchen helpers and related support occupations",Unknown,1,1
"British Columbia","   Low Wage","Mischka Enterprise Limited","North Vancouver, BC V7R 3X9","1221-Administrative officers",Unknown,1,1
"British Columbia","   Low Wage","MUNDI SDR DEVELOPMENT INC.","KAMLOOPS, BC V1S 1N5","6315-Cleaning supervisors",Unknown,1,1
"British Columbia","   Low Wage","NANA'S KITCHEN AND HOT SAUCES LTD.","Surrey, BC V3W 7X4",6322-Cooks,Unknown,1,1
"British Columbia","   Low Wage","One Stop Payless Dry Cleaners Ltd","Delta, BC V4C 6R8","6741-Dry cleaning, laundry and related occupations",Unknown,1,2
"British Columbia","   Low Wage","Origin Organic Farms Inc.","Delta, BC V4L 2N8","1224-Property administrators",Unknown,1,1
"British Columbia","   Low Wage","PDJJN Fishing Ltd.","Prince Rupert, BC V8J 4P9","8441-Fishing vessel deckhands","Sole Proprietorship",1,3
"British Columbia","   Low Wage","Pride Painting LTD","Nanaimo, BC V9S 5E8","7294-Painters and decorators (except interior decorators)",Unknown,1,1
"British Columbia","   Low Wage","SAUJANI ENTERPRISES Inc","GOLDEN, BC V0A 1H0","6311-Food service supervisors",Unknown,1,15
"British Columbia","   Low Wage","Sciue' Pender Holdings Inc","Vanvouver, BC V6C 2V6","0631-Restaurant and food service managers",Unknown,1,1
"British Columbia","   Low Wage","SEHAJ FRAMING LTD","Abbotsford, BC V4X 2P1","7611-Construction trades helpers and labourers",Unknown,1,2
"British Columbia","   Low Wage","Seven Leaves Tea Inc.","Vancouver, BC V6M 1Z6","0631-Restaurant and food service managers",Unknown,1,1
"British Columbia","   Low Wage","Teamcoover Services Inc.","Vancouver, BC V6K 2X7","4411-Home child care providers",Unknown,2,2
"British Columbia","   Low Wage","Terran Geotechnical Consultants Ltd","Burnaby, BC V5C 2A7","2231-Civil engineering technologists and technicians",Unknown,1,1
"British Columbia","   Low Wage","WONDERFUL HOTEL & RESORT MANAGEMENT LTD.","UCLUELET, BC V0R 3A0","6731-Light duty cleaners",Unknown,1,1
"British Columbia","   Low Wage","Wu's Taekwondo School ( Canada ) Inc.","Richmond, BC V6X 3R8","5254-Program leaders and instructors in recreation, sport and fitness",Unknown,1,1
"British Columbia","  Primary Agriculture","1352076 BC Ltd.","Surrey, BC V3W  6L","8431-General farm workers",Corporation,1,25
"British Columbia","  Primary Agriculture","1365735 B.C. LTD.","Surrey, BC V3T  1L","8431-General farm workers",Corporation,1,36
"British Columbia","  Primary Agriculture","1365866 B.C. LTD.","Surrey, BC V3T  1L","8431-General farm workers",Corporation,1,48
"British Columbia","  Primary Agriculture","1365939 B.C. LTD.","Surrey, BC V3T 0E6","8431-General farm workers",Corporation,1,34
"British Columbia","  Primary Agriculture","1367463 B.C LTD.","Burnaby, BC V5H 1P2","8431-General farm workers",Corporation,1,44
"British Columbia","  Primary Agriculture","1367718 B.C. LTD.","New Westminister, BC V3M  0K","8431-General farm workers",Corporation,1,18
"British Columbia","  Primary Agriculture","1368132 B.C. LTD","Vancouver, BC V6B 1B4","8431-General farm workers",Corporation,1,44
"British Columbia","  Primary Agriculture","1368514 BC Ltd.","Chilliwack, BC V2P 5G2","8431-General farm workers",Corporation,2,23
"British Columbia","  Primary Agriculture","1368964 B.C. LTD.","Burnaby, BC V3J 7C5","8431-General farm workers",Corporation,1,18
"British Columbia","  Primary Agriculture","1368970 B.C LTD","Vancouver, BC V6B 1E5","8431-General farm workers",Corporation,1,12
"British Columbia","  Primary Agriculture","1369178 B.C. LTD.","Richmond, BC V6X  4J","8431-General farm workers",Corporation,1,14
"British Columbia","  Primary Agriculture","1369183 B.C. LTD.","Coguitlan, BC V3B  5R","8431-General farm workers",Corporation,1,20
"British Columbia","  Primary Agriculture","1369212 B.C. LTD.","Burnaby, BC V5C 0J2","8431-General farm workers",Corporation,1,13
"British Columbia","  Primary Agriculture","1369373 B.C. LTD","Abbotsford, BC V2T 3L5","8431-General farm workers",Corporation,1,19
"British Columbia","  Primary Agriculture","J&O Trading Inc","Coquitlam, BC V3K 5Z7","8431-General farm workers",Unknown,1,1
"British Columbia"," Global Talent Stream","Layerzero Labs Canada Inc.","Vancouver, BC V6C 2W2","0213-Computer and information systems managers",Corporation,1,3
"British Columbia"," Global Talent Stream","Layerzero Labs Canada Inc.","Vancouver, BC V6C 2W2","2175-Web designers and developers",Corporation,1,2
"Northwest Territories","   Low Wage","4912 N.W.T. Ltd.","Yellowknife, NT X1A 2R3","6315-Cleaning supervisors",Unknown,1,5
"Northwest Territories","  Primary Agriculture","Laughing Lichen Ltd.","Yellowknife, NT X1A 2A1","8252-Agricultural service contractors, farm supervisors and specialized livestock workers",Unknown,1,1
Nunavut,"   Low Wage","902776 N.W.T. Limited","Iqaluit, NU X0A 0H0","6315-Cleaning supervisors",Unknown,1,2
"Employers carrying on business in Canada with Head Office outside of Canada","    High Wage","Assembly Films Inc","New York, 10003","5131-Producers, directors, choreographers and related occupations",Incorporated,1,1
"Employers carrying on business in Canada with Head Office outside of Canada","    High Wage","Biscuit Filmworks","LOS ANGELES, 90038","5131-Producers, directors, choreographers and related occupations",Corporation,2,2
"Employers carrying on business in Canada with Head Office outside of Canada","    High Wage","Community Films Inc. dba Community Films","Los Angeles, 90010","5131-Producers, directors, choreographers and related occupations",Corporation,1,1
"Employers carrying on business in Canada with Head Office outside of Canada","    High Wage","Fancy Content","Los Angeles, 90048","5131-Producers, directors, choreographers and related occupations",Corporation,1,1
"Employers carrying on business in Canada with Head Office outside of Canada","    High Wage",Gravy,"West Hollywood, CA, 90046","5131-Producers, directors, choreographers and related occupations",Corporation,1,1
"Employers carrying on business in Canada with Head Office outside of Canada","    High Wage","Morton Jankel Zander, Inc","Los Angeles, 90064","5131-Producers, directors, choreographers and related occupations",Corporation,1,1
"Employers carrying on business in Canada with Head Office outside of Canada","    High Wage","Park Pictures, LLC","NEW YORK, 10010","5131-Producers, directors, choreographers and related occupations",Corporation,1,1
"Employers carrying on business in Canada with Head Office outside of Canada","    High Wage",PICROW,"Hollywood, 90038","5131-Producers, directors, choreographers and related occupations",Corporation,1,1
"Employers carrying on business in Canada with Head Office outside of Canada","    High Wage","Pony Show Entertainment Inc","Los Angeles, 90016","5131-Producers, directors, choreographers and related occupations",Partnership,1,1
"Employers carrying on business in Canada with Head Office outside of Canada","    High Wage","Pulse Films","Los Angeles, 90291","5131-Producers, directors, choreographers and related occupations",Incorporated,2,2
"Employers carrying on business in Canada with Head Office outside of Canada","    High Wage","Radical Media LLC","New York, 10014","5131-Producers, directors, choreographers and related occupations",Corporation,2,2
"Employers carrying on business in Canada with Head Office outside of Canada","    High Wage","Reset Content, LLC dba Reset","Santa Monica, 90404","5131-Producers, directors, choreographers and related occupations",Corporation,2,2
"Employers carrying on business in Canada with Head Office outside of Canada","    High Wage","Reverie Content Inc.","Sherman Oaks, 91403","5131-Producers, directors, choreographers and related occupations",Corporation,1,1
"Employers carrying on business in Canada with Head Office outside of Canada","    High Wage","Sanctuary Content, Inc.","Los Angeles, 90034","5131-Producers, directors, choreographers and related occupations",Corporation,1,1
"Employers carrying on business in Canada with Head Office outside of Canada","    High Wage","Station Film Inc.","BROOKLYN, 11222","5131-Producers, directors, choreographers and related occupations",Corporation,1,1
"Employers carrying on business in Canada with Head Office outside of Canada","    High Wage","Stink LLC","Culver City, 90232","5131-Producers, directors, choreographers and related occupations",Corporation,1,1
"Employers carrying on business in Canada with Head Office outside of Canada","    High Wage","Supply & Demand Inc.","NEW YORK, 10013","5131-Producers, directors, choreographers and related occupations","Sole Proprietorship",1,1
"Employers carrying on business in Canada with Head Office outside of Canada","    High Wage","Thinking Machine Films","Atladena, 91001","5131-Producers, directors, choreographers and related occupations",Corporation,2,2
"Employers carrying on business in Canada with Head Office outside of Canada","    High Wage","Tool of North America","Santa Monica, 90404","5131-Producers, directors, choreographers and related occupations",Corporation,2,2
"Employers carrying on business in Canada with Head Office outside of Canada","    High Wage","We The People","Culver City, 90232","5131-Producers, directors, choreographers and related occupations",Corporation,1,1
Notes:,,,,,,,
"1. The source for all information in this report is Employment and Social Development Canada's (ESDC) LMIA System.",,,,,,,
"2. This list excludes all personal names, such as employers of caregivers or business names that use or include personal names. For this reason, the list is not complete and does not reflect all employers who requested or received an LMIA. Should an employer wish to contact ESDC concerning the accuracy of their information, please contact NA-TFWP-PTET@hrsdc-rhdcc.gc.ca.",,,,,,,
"3. The employer name is manually entered in system. As such, accuracy of the names is subject to potential data entry error and inconsistent spelling.",,,,,,,
"4. Effective November 2016, NOC 2011 is being used. Prior to November 2016, all occupations under NOC 2006 were converted to the respective NOC 2011 occupation. Empirical concordance released by Statistics Canada was used to determine appropriate linkages.",,,,,,,
"5. Effective February 2018, LMIAs in support of 'Permanent Residence (PR) Only' are excluded from TFWP statistics, unless reported separately. Dual-intent LMIAs and corresponding positions are included under their respective TFWP stream (e.g., low-wage, high-wage, etc.) This may impact program reporting over time.",,,,,,,
"6. The LMIA System tracks TFW positions only, not TFWs who are issued a work permit or who enter Canada. Not all positions approved result in a work permit or a TFW entering Canada. For information on the number of work permits issued, please consult Immigration Refugees and Citizenship Canada's (IRCC) Facts and Figures: http://www.cic.gc.ca/english/resources/statistics/menu-fact.asp",,,,,,,
"7. The numbers appearing in this release may differ slightly from those reported in previous releases of LMIA statistics due to data updates that occur over time.",,,,,,,
