Province/Territoire,"Volet du programme",Employeur,Adresse,"Profession ","Incorporer le statut","EIMT demandes","Postes demandes"
Terre-Neuve-et-Labrador,"Bas salaire","Blair Holdings Limited","Corner Brook, NL A2H 4C5","6731-Préposés à l'entretien ménager et au nettoyage - travaux légers",Inconnu,1,2
Île-du-Prince-Édouard,"Agriculture primaire","Pure Pork Genetics Ltd.","montague, PE C0A 1R0","8431-Ouvriers agricoles",Inconnu,1,3
Nouvelle-Écosse,"Bas salaire","3323061 Nova Scotia Limited","HALIFAX, NS B3J 0E8","1311-Techniciens en comptabilité et teneurs de livres",Inconnu,1,1
Nouvelle-Écosse,"Bas salaire","4438865 nova scotia limited","Currys Corner, NS B0N 2T0","6211-Superviseurs des ventes - commerce de détail",Inconnu,1,1
Nouvelle-Écosse,"Bas salaire","Simply Pho You","Yarmouth, NS B5A 1H1",6322-Cuisiniers,Inconnu,1,1
Nouveau-Brunswick,"Bas salaire","685433 N.-B.Ltee","ST ISIDORE, NB E8M 1C1","0621-Directeurs - commerce de détail et de gros",Inconnu,1,1
Nouveau-Brunswick,"Bas salaire","Fen's Market Inc.","Woodstock, NB E7M 4L9",6611-Caissiers,Inconnu,1,3
Nouveau-Brunswick,"Bas salaire","Hotel Shediac","Shediac, NB E4P 0M2","6731-Préposés à l'entretien ménager et au nettoyage - travaux légers",Inconnu,1,2
Nouveau-Brunswick,"Haut salaire","12200601 CANADA INC","SAINT JOHN, NB E2L 3S5","0015-Cadres supérieurs - commerce, radiotélédiffusion et autres services, n.c.a.",Inconnu,1,1
Nouveau-Brunswick,"Haut salaire","Day & Ross Inc.","Hartland, NB E7P 1C6","1215-Superviseurs du personnel de coordination de la chaîne d'approvisionnement, du suivi et des horaires",Inconnu,1,1
Nouveau-Brunswick,"Haut salaire","DWARKA CIVIL CONSTRUCTION MANAGEMENT LIMITED","SAINT JOHN, NB E2J 1C7","2264-Inspecteurs en construction",Inconnu,1,1
Nouveau-Brunswick,"Haut salaire","VIJGREEN CONSTRUCTION MANAGEMENT LTD.","Saint John,, NB E2J 1C7","0711-Directeurs de la construction",Inconnu,2,2
Québec,"Bas salaire","9163-2653 QUÉBEC INC.","Brossard, QC J4Y  0J","6311-Superviseurs des services alimentaires",Partenariat,1,1
Québec,"Bas salaire","9270-8783 Québec inc.","Québec, QC G1V 1T6","6731-Préposés à l'entretien ménager et au nettoyage - travaux légers",Inconnu,1,1
Québec,"Bas salaire","9278-3513 Québec inc.","SOREL-TRACY, QC J3P 4G5","4214-Éducateurs et aides-éducateurs de la petite enfance",Inconnu,1,1
Québec,"Bas salaire","9321-5762 Québec inc.","Montréal, QC H1T 1G7",6332-Boulangers-pâtissiers,Inconnu,1,1
Québec,"Bas salaire","9331-6701 Québec INC.","Montréal, QC H4M 1P1","6711-Serveurs au comptoir, aides de cuisine et personnel de soutien assimilé",Inconnu,1,1
Québec,"Bas salaire","9342-0800 Québec inc.","Longueuil, QC J4H 1E7","7284-Plâtriers, poseurs et finisseurs de systèmes intérieurs et latteurs",Corporation,1,2
Québec,"Bas salaire","9432-7657 Quebec Inc.","Laval, QC H7S 2L8","1215-Superviseurs du personnel de coordination de la chaîne d'approvisionnement, du suivi et des horaires",Corporation,1,3
Québec,"Bas salaire","9452-0772 Québec Inc.","Lévis, QC G6Z 8A1","6731-Préposés à l'entretien ménager et au nettoyage - travaux légers",Corporation,1,1
Québec,"Bas salaire","Microbrasserie La Boite à Malt","Lévis, QC G7A 2P6","6711-Serveurs au comptoir, aides de cuisine et personnel de soutien assimilé",Inconnu,1,2
Québec,"Bas salaire","OPUS Coop, Coopérative de solidarité","Québec, QC G1H 1A1",6321-Chefs,Inconnu,1,2
Québec,"Bas salaire","Panneaux CEMFORT Inc.","Rigaud, QC J0P 1P0",7452-Manutentionnaires,Corporation,1,1
Québec,"Haut salaire","9427-3661 Québec inc.","SAINT JEROME, QC J7Y 1J3","1241-Adjoints administratifs",Partenariat,1,1
Québec,"Haut salaire","A A RECRUTEMENT DES TRAVAILLEURS","VICTORIAVILLE, QC G6P 2M6","1241-Adjoints administratifs",Inconnu,1,1
Québec,"Haut salaire","Bazar café inc","Montréal, QC H2S 1R6",7251-Plombiers,Inconnu,1,1
Québec,"Haut salaire","Les studios Besame inc.","Montréal, QC H2S 2M3","6562-Esthéticiens, électrolystes et personnel assimilé",Inconnu,1,1
Québec,"Haut salaire","Martial Excavation Inc.","Saint-Hubert, QC J3Y 2S1","7511-Conducteurs de camions de transport",Inconnu,1,1
Québec,"Haut salaire","PSK Consultation","Montreal, QC H8R 2G1","0601-Directeurs des ventes corporatives",Inconnu,1,1
Québec,"Haut salaire","Sailor Productions Inc","MONTREAL, QC H2S 2L9","5131-Producteurs, réalisateurs, chorégraphes et personnel assimilé",Inconnu,1,1
Québec,"Haut salaire","SELEKKTUS Solutions d'embauche inc.","Montreal, QC H3C 1L9","1211-Superviseurs de commis de bureau et du personnel de soutien administratif",Inconnu,1,1
Québec,"Haut salaire","SELEKKTUS Solutions d'embauche inc.","Montreal, QC H3C 1L9","1523-Coordonnateurs de la logistique de la production",Inconnu,1,1
Ontario,"Agriculture primaire","Pure Flavor Farms Inc","Staples, ON N0P 2J0","8431-Ouvriers agricoles",Inconnu,1,288
Ontario,"Agriculture primaire","Sharon Mushroom Farm","Sharon, ON L0G 1V0","8431-Ouvriers agricoles",Inconnu,1,18
Ontario,"Bas salaire","1000032146 ONTARIO INC","Minden, ON K0M 2K0","0621-Directeurs - commerce de détail et de gros",Inconnu,1,1
Ontario,"Bas salaire","1000199177 Ontario Inc.","London, ON N5Z 2A2","6211-Superviseurs des ventes - commerce de détail",Inconnu,1,1
Ontario,"Bas salaire","1000380620 Ontario Inc.","Barrie, ON L4N 9C7","1311-Techniciens en comptabilité et teneurs de livres",Inconnu,1,1
Ontario,"Bas salaire","10176729 Canada Inc","Ottawa, ON K1S 2J8","6711-Serveurs au comptoir, aides de cuisine et personnel de soutien assimilé",Inconnu,1,1
Ontario,"Bas salaire","10429767 CANADA INC.","THORNHILL, ON L4J 8J2","6562-Esthéticiens, électrolystes et personnel assimilé",Inconnu,1,1
Ontario,"Bas salaire","11148095 Canada Inc.","Scarborough, ON M1S 5M9",6322-Cuisiniers,Inconnu,1,1
Ontario,"Bas salaire","1151001 ONTARIO LTD","Pickering, ON L1W 3V5","7321-Mécaniciens et réparateurs de véhicules automobiles, de camions et d'autobus",Inconnu,1,4
Ontario,"Bas salaire","11669877 CANADA INC","Ottawa, ON K1N 5X8","6211-Superviseurs des ventes - commerce de détail",Inconnu,1,1
Ontario,"Bas salaire","11779770 CANADA INC.","Mississauga, ON L5S 1V9","1411-Employés de soutien de bureau généraux",Inconnu,1,1
Ontario,"Bas salaire","12082799 Canada Inc.","Markham, ON L3R 1H5","7511-Conducteurs de camions de transport",Inconnu,1,1
Ontario,"Bas salaire","12214768 Canada Inc.","Ottawa, ON K1Y 2Y6",6322-Cuisiniers,Inconnu,1,1
Ontario,"Bas salaire","12308011 CANADA INC","Blenheim, ON N0P 1A0","6211-Superviseurs des ventes - commerce de détail",Inconnu,1,1
Ontario,"Bas salaire","12624320 Canada Inc.","North York, ON M3N 1V7","3413-Aides-infirmiers, aides-soignants et préposés aux bénéficiaires",Inconnu,3,5
Ontario,"Bas salaire","12796490 Canada Inc.","Scarborough, ON M1B 2W2",6321-Chefs,Inconnu,1,1
Ontario,"Bas salaire","1343059 Ontario Limited","Mississauga, ON L5B 3X9",6322-Cuisiniers,Inconnu,1,1
Ontario,"Bas salaire","13639452 Canada Inc.","Brampton, ON L7A 2X4","7294-Peintres et décorateurs (sauf décorateurs d'intérieur)",Inconnu,1,1
Ontario,"Bas salaire","1746104 Ontario Corp.","Mississauga, ON L5T 2J1","2242-Électroniciens d'entretien (biens domestiques et commerciaux)",Inconnu,1,1
Ontario,"Bas salaire","2021 Jay Ambe Inc.","Guelph, ON N1H 7B4",6322-Cuisiniers,Inconnu,1,1
Ontario,"Bas salaire","2213206 ONTARIO LIMITED","Bolton, ON L7E 4H1","4214-Éducateurs et aides-éducateurs de la petite enfance",Inconnu,1,1
Ontario,"Bas salaire","2234881 Ontario Inc.","Oakville, ON L6L 5W8","6711-Serveurs au comptoir, aides de cuisine et personnel de soutien assimilé",Inconnu,1,1
Ontario,"Bas salaire","2371344 Ontario Inc.","Toronto, ON M1X 1E7","1411-Employés de soutien de bureau généraux",Inconnu,1,2
Ontario,"Bas salaire","2549177 Ontario Inc.","Scarborough, ON M1S 3T6",6322-Cuisiniers,Inconnu,1,2
Ontario,"Bas salaire","2574346 Ontario LTD.","Richmond Hill, ON L4B 3Y4","4214-Éducateurs et aides-éducateurs de la petite enfance",Inconnu,1,1
Ontario,"Bas salaire","2678642 Ontario Inc.","Cambridge, ON N1R 3Z8","7612-Autres manoeuvres et aides de soutien de métiers",Inconnu,1,1
Ontario,"Bas salaire","2703323 Ontario Inc","Scarborough, ON M1B 2G6","1221-Agents d'administration",Inconnu,1,1
Ontario,"Bas salaire","2779571 Ontario Inc.","Smooth Rock Falls, ON P0L 1V0","6314-Superviseurs des services d'information et des services à la clientèle",Inconnu,1,2
Ontario,"Bas salaire","2839105 Ontario Inc.","Brampton, ON L6P 3W4","6711-Serveurs au comptoir, aides de cuisine et personnel de soutien assimilé",Inconnu,1,1
Ontario,"Bas salaire","7073674 Canada Ltd","Ottawa, ON K1P 5N2","6733-Concierges et surintendants d'immeubles",Inconnu,1,1
Ontario,"Bas salaire","7186428 Canada Inc. Brule Enterprises","Ottawa, ON K4A  4W","7441-Personnel d'installation, d'entretien et de réparation d'équipement résidentiel et commercial","Entreprise à propriétaire unique",1,1
Ontario,"Bas salaire","9924965 Canada Inc","Brampton, ON L6P 2A9","1241-Adjoints administratifs",Inconnu,1,1
Ontario,"Bas salaire","A & F Galati Limited","North York, ON M2H 1J8","1221-Agents d'administration",Inconnu,1,1
Ontario,"Bas salaire","Abundant Foods Investment Inc.","North York, ON M3N 1H4","6211-Superviseurs des ventes - commerce de détail",Inconnu,1,2
Ontario,"Bas salaire","Accurate Glass Products Inc.","Barrie, ON L4N 7W6","9413-Opérateurs de machines à former et à finir le verre et coupeurs de verre",Inconnu,1,5
Ontario,"Bas salaire","AGTA HOME HEALTH CARE SIMCOE COUNTY INC","Barrie, ON L4N 9A8","3011-Coordonnateurs et superviseurs des soins infirmiers",Inconnu,1,1
Ontario,"Bas salaire","Andrew Enofe Real Estate Inc","WOODBRIDGE, ON L4L 0G9","1122-Professionnels des services-conseils en gestion aux entreprises",Inconnu,1,1
Ontario,"Bas salaire","ANY Group Inc","Toronto, ON M9V 3Y6","1241-Adjoints administratifs",Inconnu,1,1
Ontario,"Bas salaire","Bridging Square Inc","Mississauga, ON L4Z 1V9","1241-Adjoints administratifs",Inconnu,1,1
Ontario,"Bas salaire","Bullet Freight LTD","Brantford, ON N3T 5L8","7511-Conducteurs de camions de transport",Inconnu,1,3
Ontario,"Bas salaire","Burnbrae Farms Ltd","Lyn, ON K0E 1M0","6315-Surveillants des services de nettoyage",Inconnu,1,1
Ontario,"Bas salaire","Carez Nursing Solutions Inc.","HAMILTON, ON L8E 4V4","3413-Aides-infirmiers, aides-soignants et préposés aux bénéficiaires",Inconnu,1,1
Ontario,"Bas salaire","CARMA Corp.","Lindsay, ON K9V 4R3","1311-Techniciens en comptabilité et teneurs de livres",Inconnu,1,1
Ontario,"Bas salaire","Chibugan Eh Inc.","Mississauga, ON L4Y 4G6","1241-Adjoints administratifs",Inconnu,1,1
Ontario,"Bas salaire","Chiyue Food Processing Inc.","CONCORD, ON L4K 1L3","6411-Représentants des ventes et des comptes - commerce de gros (non-technique)",Inconnu,1,1
Ontario,"Bas salaire","Citywide Automation Inc.","Woodbridge, ON L4L 4A3","2241-Technologues et techniciens en génie électronique et électrique",Inconnu,1,1
Ontario,"Bas salaire","Clonard Group Inc","Toronto, ON M3J 2G6",7271-Charpentiers-menuisiers,Inconnu,1,1
Ontario,"Bas salaire","Critical Hit Gaming Lounge Inc.","Courtice, ON L1E 2R6","6533-Personnel préposé au jeu dans les casinos",Inconnu,1,1
Ontario,"Bas salaire","CSH (Rockcliffe) Inc.","Ottawa, ON K1N 0A2","3413-Aides-infirmiers, aides-soignants et préposés aux bénéficiaires",Inconnu,1,1
Ontario,"Bas salaire","DGZ ENTERPRISE (GROUP),INC.","Scarborough, ON M1S 3C8","7514-Chauffeurs-livreurs - services de livraison et de messagerie",Inconnu,1,1
Ontario,"Bas salaire","East Toronto Village Children's Centre","Toronto, ON M4E 2Z4","4214-Éducateurs et aides-éducateurs de la petite enfance",Inconnu,1,1
Ontario,"Bas salaire","Efren Encarnacion Physiotherapy Professional Corporation","Thornhill, ON L3T 1H4","3414-Autre personnel de soutien des services de santé",Inconnu,1,1
Ontario,"Bas salaire","EIDS CONSULTANTS INC.","Mississauga,, ON L5M 2S1","2131-Ingénieurs civils",Inconnu,1,1
Ontario,"Bas salaire","EXCEL MACHINERY SALES CORPORATION","TECUMSEH, ON N8N 5C6","7311-Mécaniciens de chantier et mécaniciens industriels",Inconnu,1,1
Ontario,"Bas salaire","F Selim Inc.","Mississauga, ON L5C 4E3","6311-Superviseurs des services alimentaires",Inconnu,1,1
Ontario,"Bas salaire","Farah Family Solutions Inc.","Toronto, ON M9N 1H4","4212-Travailleurs des services sociaux et communautaires",Inconnu,1,1
Ontario,"Bas salaire","First Choice Beverage Inc.","Mississauga, ON L5T 2T6","9213-Surveillants dans la transformation des aliments, des boissons et des produits connexes",Inconnu,1,1
Ontario,"Bas salaire","Galaxy Home Furnishing Corp.","Mississauga, ON L5T 2S9","1524-Commis aux achats et au contrôle de l'inventaire",Inconnu,1,1
Ontario,"Bas salaire","Gamma Immigration Services Canada Inc","Brmpton, ON L6X 0R7","1311-Techniciens en comptabilité et teneurs de livres",Inconnu,1,1
Ontario,"Bas salaire","GM TRUCK & TRAILER REPAIR SERVICES INC.","Mississauga, ON L5T 1E4","6221-Spécialistes des ventes techniques - commerce de gros",Inconnu,1,1
Ontario,"Bas salaire","H&Y International Trading Inc.","Markham, ON L3R 1A4","2263-Inspecteurs de la santé publique, de l'environnement et de l'hygiène et de la sécurité au travail",Inconnu,1,1
Ontario,"Bas salaire","Harwash Inc.","Mississauga, ON L5B 0G7","6711-Serveurs au comptoir, aides de cuisine et personnel de soutien assimilé",Inconnu,1,2
Ontario,"Bas salaire","Hex IT Solutions Inc.","Mississauga, ON L5N 2X7","2281-Techniciens de réseau informatique",Inconnu,1,1
Ontario,"Bas salaire","Incareof Inc","Mississauga, ON L5C 4P9","3413-Aides-infirmiers, aides-soignants et préposés aux bénéficiaires",Inconnu,1,1
Ontario,"Bas salaire","Infinity Building Solutions Inc.","Georgetown, ON L7G 0H6","6211-Superviseurs des ventes - commerce de détail",Inconnu,1,1
Ontario,"Bas salaire","iRestify Inc","Toronto, ON M5C 1C4","0714-Directeurs de l'exploitation et de l'entretien d'immeubles",Inconnu,1,1
Ontario,"Bas salaire","Ivan B. Wallace Ontario Land Surveyor Inc.","Bomanville, ON L1C 4N4","2254-Technologues et techniciens en arpentage",Inconnu,1,1
Ontario,"Bas salaire","JIC Consultant Limited","Toronto, ON M9M 0A2","1241-Adjoints administratifs",Inconnu,1,1
Ontario,"Bas salaire","Kelvin Sales Inc","Brampton, ON L7A 4H4","1241-Adjoints administratifs",Inconnu,1,1
Ontario,"Bas salaire","Kohinoor Looms Inc.","Etobicoke, ON M9V 2X4","7611-Aides de soutien des métiers et manoeuvres en construction",Inconnu,1,2
Ontario,"Bas salaire","lakesview renovations & construction inc.","Brampton, ON L6X 0N3","7294-Peintres et décorateurs (sauf décorateurs d'intérieur)",Inconnu,1,2
Ontario,"Bas salaire","London Industrial Group Corporation","london, ON N5Y 3J7","6733-Concierges et surintendants d'immeubles",Inconnu,1,1
Ontario,"Bas salaire","MADIX GRAPHIC SOLUTIONS","MISSISSAUGA, ON L5T 1H3","1221-Agents d'administration",Inconnu,1,1
Ontario,"Bas salaire","Microstar Biotech Inc","Dundas, ON L9H 6C7","6421-Vendeurs - commerce de détail",Inconnu,1,1
Ontario,"Bas salaire","Migration Solutions Canada Inc.","Mississauga, ON L5B 3Z6","1411-Employés de soutien de bureau généraux",Inconnu,1,1
Ontario,"Bas salaire","MISSION CONTROL NOC AND HELPDESK SERVICES","TORONTO, ON M3J 3H7","1241-Adjoints administratifs",Inconnu,1,1
Ontario,"Bas salaire","MISSION CONTROL NOC AND HELPDESK SERVICES","TORONTO, ON M3J 3H7","1311-Techniciens en comptabilité et teneurs de livres",Inconnu,1,1
Ontario,"Bas salaire","MKR Restaurant Inc","cornwall, ON K6H 2B8","0631-Directeurs de la restauration et des services alimentaires",Inconnu,1,1
Ontario,"Bas salaire","NOBLE CARE STAFFING INC","BOWMANVILLE, ON L1C 0N9","3413-Aides-infirmiers, aides-soignants et préposés aux bénéficiaires",Inconnu,1,10
Ontario,"Bas salaire","Northern Stars Montessori School & Daycare","barrie, ON L4N 4K8","4214-Éducateurs et aides-éducateurs de la petite enfance",Inconnu,1,1
Ontario,"Bas salaire","Orange contracting inc.","Richmond Hill, ON L4E 4A1",7281-Briqueteurs-maçons,Inconnu,1,2
Ontario,"Bas salaire","PASS PEBC LTD.","Lynden, ON L0R 1T0","7305-Surveillants du transport routier et du transport en commun",Inconnu,1,1
Ontario,"Bas salaire","Pollard Windows Inc","Burlington, ON L7R 3Y3","7511-Conducteurs de camions de transport",Inconnu,1,2
Ontario,"Bas salaire","Pro Aire Heating and Cooling Inc","Brampton, ON L7A 5H5","7612-Autres manoeuvres et aides de soutien de métiers",Inconnu,1,1
Ontario,"Bas salaire","Rebma Transport Inc","Brampton, ON L6X 0L9","1241-Adjoints administratifs",Inconnu,1,1
Ontario,"Bas salaire","Redi-Plumbing Inc.","Woodbridge, ON L4H 1K8","7611-Aides de soutien des métiers et manoeuvres en construction",Inconnu,1,2
Ontario,"Bas salaire","ROADLINE LOGISTICS INC","TORONTO, ON M9C 4V9","7511-Conducteurs de camions de transport",Inconnu,1,1
Ontario,"Bas salaire","Royal SC Ltd","Concord, ON L4K 2P2","9414-Opérateurs de machines dans le façonnage et la finition des produits en béton, en argile ou en pierre",Inconnu,1,3
Ontario,"Bas salaire","SilverEagle Consulting Inc.","Etobicoke, ON M9C 5J1","1241-Adjoints administratifs",Inconnu,1,2
Ontario,"Bas salaire","SNP Contracting Services INC","Toronto, ON M9N 1Z4","8612-Manoeuvres en aménagement paysager et en entretien des terrains",Inconnu,1,1
Ontario,"Bas salaire","Tangri insurance & Financial  Group Inc","Mississauga, ON L5S 1N6","1221-Agents d'administration",Inconnu,1,1
Ontario,"Bas salaire","The dollar store plus inc","Mississaugh, ON L5L 3R4","6211-Superviseurs des ventes - commerce de détail",Inconnu,1,2
Ontario,"Bas salaire","The Royal Apron Inc","Gloucester, ON K1T 0N4","6221-Spécialistes des ventes techniques - commerce de gros",Inconnu,1,1
Ontario,"Bas salaire","Totals Inventory Professionals","MISSISSAUGA, ON L4W 5K4","1221-Agents d'administration",Inconnu,1,1
Ontario,"Bas salaire","TRADESTATE INC.","MILTON, ON L9T 6B6","1241-Adjoints administratifs",Inconnu,1,1
Ontario,"Bas salaire","Westboro Montessori School Inc","Ottawa, ON K1Z 6X3","4214-Éducateurs et aides-éducateurs de la petite enfance",Inconnu,1,1
Ontario,"Bas salaire","Westlife Associates Inc","Tottenham, ON L0G 1W0","6311-Superviseurs des services alimentaires",Inconnu,1,2
Ontario,"Bas salaire","Windsor Veterinary Professional Corporation","Windsor, ON N8Y 2N8","6563-Soigneurs d'animaux et travailleurs en soins des animaux",Inconnu,1,1
Ontario,"Bas salaire","Yamato Transport U.S.A., Inc.","MISSISSAUGA, ON L4V 1H3","7514-Chauffeurs-livreurs - services de livraison et de messagerie",Inconnu,1,1
Ontario,"Haut salaire","1000151525 ONTARIO LTD.","Mississauga, ON L5B 0M9","1221-Agents d'administration",Inconnu,1,1
Ontario,"Haut salaire","1000256345 Ontario Corporation","Mississauga, ON L5T 2J6","1221-Agents d'administration",Inconnu,1,1
Ontario,"Haut salaire","1000380620 Ontario Inc.","Barrie, ON L4N 9C7","0015-Cadres supérieurs - commerce, radiotélédiffusion et autres services, n.c.a.",Inconnu,1,1
Ontario,"Haut salaire","1000503183 ONTARIO INC","Thornhill, ON L4J 1B5","1311-Techniciens en comptabilité et teneurs de livres",Inconnu,1,1
Ontario,"Haut salaire","1000583100 ONTARIO INC.","North York, ON M3H 5M6","2253-Technologues et techniciens en dessin",Inconnu,1,1
Ontario,"Haut salaire","10800201 Canada Limited","Cambridge, ON N1R 8A8","0015-Cadres supérieurs - commerce, radiotélédiffusion et autres services, n.c.a.",Inconnu,1,1
Ontario,"Haut salaire","10839795 Canada Inc.","Pickering, ON L1V 6M4","0015-Cadres supérieurs - commerce, radiotélédiffusion et autres services, n.c.a.",Inconnu,1,1
Ontario,"Haut salaire","11156209 CANADA INC","Mississauaga, ON L5B 4P6",6332-Boulangers-pâtissiers,Inconnu,1,1
Ontario,"Haut salaire","11549146 CANADA CORPORATION","Brampton, ON L6W 2C2","1221-Agents d'administration",Inconnu,1,1
Ontario,"Haut salaire","11661477 Canada Inc.","Toronto, ON M6J 2H2","5131-Producteurs, réalisateurs, chorégraphes et personnel assimilé",Inconnu,1,1
Ontario,"Haut salaire","12287927 Canada INC","Cambridge, ON N1T 2G5","1223-Agents des ressources humaines et de recrutement",Inconnu,1,1
Ontario,"Haut salaire","12393107 CANADA INC.","Brampton, ON L6X 0Y7","0631-Directeurs de la restauration et des services alimentaires",Inconnu,1,1
Ontario,"Haut salaire","12497417 CANADA INC","Toronto, ON M5G 1Z3","0621-Directeurs - commerce de détail et de gros",Inconnu,1,1
Ontario,"Haut salaire","12880911 CANADA INC.","Milton, ON L9T 8M3","4163-Agents de développement économique, recherchistes et experts-conseils en marketing",Inconnu,1,1
Ontario,"Haut salaire","13027295 Canada Inc.","Brampton, ON L6X 1Z3","7204-Entrepreneurs et contremaîtres en charpenterie",Inconnu,1,1
Ontario,"Haut salaire","13144097 Canada Inc.","Ottawa, ON K1P 5G3","1215-Superviseurs du personnel de coordination de la chaîne d'approvisionnement, du suivi et des horaires",Inconnu,1,1
Ontario,"Haut salaire","13639452 Canada Inc.","Brampton, ON L7A 2X4",7271-Charpentiers-menuisiers,Inconnu,1,2
Ontario,"Haut salaire","14303369 Canada Inc","Mississauga, ON L5N 5V3","1221-Agents d'administration",Inconnu,1,1
Ontario,"Haut salaire","14303369 Canada Inc","Mississauga, ON L5N 5V3","1311-Techniciens en comptabilité et teneurs de livres",Inconnu,1,1
Ontario,"Haut salaire","14518322 Canada Inc.","Toronto, ON M5A 1S9","0125-Directeurs d'autres services aux entreprises",Inconnu,1,1
Ontario,"Haut salaire","14962281 Canada Inc","EAST TORONTO, ON M5A 1S9","0013-Cadres supérieurs - services financiers, communications et autres services aux entreprises",Inconnu,1,1
Ontario,"Haut salaire","1578342 Ontario Inc O/A Printwell Printers","Mississauga, ON L4W 1S4","7303-Surveillants de l'imprimerie et du personnel assimilé",Inconnu,1,1
Ontario,"Haut salaire","1948711 Ontario Inc.","Mississauga, ON L4Z 1T2","2281-Techniciens de réseau informatique",Inconnu,1,1
Ontario,"Haut salaire","2075358 Ontario Inc.","Brampton, ON L6T 0G5","1241-Adjoints administratifs",Inconnu,1,1
Ontario,"Haut salaire","2113228 Ontario Inc.","Mississauga, ON L4T 1G8","7511-Conducteurs de camions de transport",Inconnu,1,1
Ontario,"Haut salaire","2272803 ONTARIO INC","ST. THOMAS, ON N5P 0G8","0631-Directeurs de la restauration et des services alimentaires",Inconnu,1,1
Ontario,"Haut salaire","2332254 ONTARIO INC","Mississauga, ON L4W 1B2","1123-Professionnels en publicité, en marketing et en relations publiques",Inconnu,1,1
Ontario,"Haut salaire","2372578 ontario inc","Brampton, ON L6W 3N3","1241-Adjoints administratifs",Inconnu,1,1
Ontario,"Haut salaire","2377878 ONTARIO INC.","Innisfil, ON L9S 0K6","0621-Directeurs - commerce de détail et de gros",Inconnu,1,1
Ontario,"Haut salaire","2438588 ONTARIO INC.","BRAMPTON, ON L6T 1V1","1211-Superviseurs de commis de bureau et du personnel de soutien administratif",Inconnu,1,1
Ontario,"Haut salaire","2559294 Ontario Inc.","North York, ON M9L 1Y2","7312-Mécaniciens d'équipement lourd",Inconnu,1,2
Ontario,"Haut salaire","2720069 ontario inc","brampton, ON L6W 4N6","1221-Agents d'administration",Inconnu,1,1
Ontario,"Haut salaire","2778532 Ontario Inc.","Brampton, ON L7A 0S9","0015-Cadres supérieurs - commerce, radiotélédiffusion et autres services, n.c.a.",Inconnu,1,1
Ontario,"Haut salaire","2813955 Ontario Inc.","Brampton, ON L6Y 2W9","7205-Entrepreneurs et contremaîtres des autres métiers de la construction et des services de réparation et d'installation",Inconnu,1,1
Ontario,"Haut salaire","2845159 ONTARIO INC.","Milton, ON L9T 8E1","0124-Directeurs de la publicité, du marketing et des relations publiques",Inconnu,1,1
Ontario,"Haut salaire","2871288 Ontario Inc.","Brampton, ON L6R 3L7","1241-Adjoints administratifs",Inconnu,1,1
Ontario,"Haut salaire","3PLCRM Ltd","Vaughan, ON L4K 4N8","0015-Cadres supérieurs - commerce, radiotélédiffusion et autres services, n.c.a.",Inconnu,1,1
Ontario,"Haut salaire","7915578 Canada Inc","Toronto, ON M1K 2N8","2173-Ingénieurs et concepteurs en logiciel",Inconnu,1,1
Ontario,"Haut salaire","AAJ BUILDING  MAINTENANCE INC","BURLINGTON, ON L7P 2C8","6315-Surveillants des services de nettoyage",Inconnu,1,1
Ontario,"Haut salaire","AFMC FINANCIAL CONSULTANCY LTD.","WATERLOO, ON N2L 0C7","1311-Techniciens en comptabilité et teneurs de livres",Inconnu,1,1
Ontario,"Haut salaire","ALPHA FINANCIAL CONSULTANCY INC","Toronto, ON M5X 1E3","1221-Agents d'administration",Inconnu,1,1
Ontario,"Haut salaire","Anjoumehta Medical Consultancy Inc.","Mississauga, ON L4X 2V3","3112-Omnipraticiens et médecins en médecine familiale",Inconnu,1,6
Ontario,"Haut salaire","AnYa IT Networks LTD.","WATERLOO, ON N2L 0C7","0213-Gestionnaires des systèmes informatiques",Inconnu,1,1
Ontario,"Haut salaire","AnYa IT Networks LTD.","WATERLOO, ON N2L 0C7","1241-Adjoints administratifs",Inconnu,1,1
Ontario,"Haut salaire","ANYDAY WARES LIMITED","Markham, ON L3R 6G2","0621-Directeurs - commerce de détail et de gros",Inconnu,1,1
Ontario,"Haut salaire","Art Square Ltd.","Toronto, ON M1L 2K1","6341-Coiffeurs et barbiers",Inconnu,1,1
Ontario,"Haut salaire","ASSORTED SUPPLIES LIMITED","Burlington, ON L7L 6A3","0015-Cadres supérieurs - commerce, radiotélédiffusion et autres services, n.c.a.",Inconnu,1,1
Ontario,"Haut salaire","Auracare Canada Inc.","Mississauga, ON L5A 4C7","0621-Directeurs - commerce de détail et de gros",Inconnu,1,1
Ontario,"Haut salaire","AUTOCLIK SMART SOLUTIONS INC.","Toronto, ON M5V 2Y1","0125-Directeurs d'autres services aux entreprises",Inconnu,1,1
Ontario,"Haut salaire","Automated Controls and Energy Solutions Group Inc","Mississauga, ON L4W 5B8","0211-Directeurs des services de génie",Inconnu,1,1
Ontario,"Haut salaire","Avenue Corporate Services Ltd.","TORONTO, ON M4N 3N1","0125-Directeurs d'autres services aux entreprises",Corporation,1,1
Ontario,"Haut salaire","B Negative LLC","TORONTO, ON M5A 2N4","5131-Producteurs, réalisateurs, chorégraphes et personnel assimilé",Corporation,1,1
Ontario,"Haut salaire","BAGPIPER TRANSPORT INC.","Mississauga, ON L5T 1V3","1221-Agents d'administration",Inconnu,1,1
Ontario,"Haut salaire","Best Builders & Renovations Inc.","North York, ON M3N 1V7","0112-Directeurs des ressources humaines",Inconnu,1,2
Ontario,"Haut salaire","Best Builders & Renovations Inc.","North York, ON M3N 1V7","0711-Directeurs de la construction",Inconnu,1,2
Ontario,"Haut salaire","BIZLYTICS STRATEGIC CONSULTING LTD","TORONTO, ON M3C 1W3","1241-Adjoints administratifs",Inconnu,1,1
Ontario,"Haut salaire","BIZLYTICS STRATEGIC CONSULTING LTD","TORONTO, ON M3C 1W3","2133-Ingénieurs électriciens et électroniciens",Inconnu,1,1
Ontario,"Haut salaire","C. C. FINCH ALBION INC.","NORTH YORK, ON M9M 2W8","0015-Cadres supérieurs - commerce, radiotélédiffusion et autres services, n.c.a.",Inconnu,1,1
Ontario,"Haut salaire","Canadian Printing Resources Inc.","Toronto, ON M3N 1H7","0013-Cadres supérieurs - services financiers, communications et autres services aux entreprises",Inconnu,1,1
Ontario,"Haut salaire","Circle Productions","TORONTO, ON M5V 1T2","5131-Producteurs, réalisateurs, chorégraphes et personnel assimilé",Corporation,1,1
Ontario,"Haut salaire","Circle Productions Ltd.","TORONTO, ON M5V 1T2","5131-Producteurs, réalisateurs, chorégraphes et personnel assimilé","Entreprise à propriétaire unique",1,1
Ontario,"Haut salaire","CIT Corp","Concord, ON L4K 1Z8","0111-Directeurs financiers",Inconnu,1,1
Ontario,"Haut salaire","Compatible Concepts Pvt. Ltd.","Mississauga, ON L5B 3C3","1221-Agents d'administration",Inconnu,1,1
Ontario,"Haut salaire","Contract Packaging Distribution Inc.","Etobicoke, ON M9W 1N4","1225-Agents aux achats",Inconnu,1,1
Ontario,"Haut salaire","Crescent Energy Consulting Ltd","WATERLOO, ON N2L 0C7","0014-Cadres supérieurs - santé, enseignement, services sociaux et communautaires et associations mutuelles",Inconnu,1,1
Ontario,"Haut salaire","Dr. Steven V. Zizzo Professional Medicine Corp.","Hamilton, ON L8J 0B6","3124-Praticiens reliés en soins de santé primaire",Inconnu,1,1
Ontario,"Haut salaire","DSA DISPOSAL INC","STONEY CREEK, ON L8J 0M3","7511-Conducteurs de camions de transport",Inconnu,1,1
Ontario,"Haut salaire","EAGLE SHUNT SERVICE LTD.","Inglewood, ON L7C 2B8","0016-Cadres supérieurs - construction, transport, production et services d'utilité publique",Inconnu,1,1
Ontario,"Haut salaire","Expansion Edge LTD.","Toronto, ON M5A 1S9","0213-Gestionnaires des systèmes informatiques",Inconnu,1,1
Ontario,"Haut salaire","Feels Like Home","Toronto, ON M6H  2X","5131-Producteurs, réalisateurs, chorégraphes et personnel assimilé",Coopérative,2,2
Ontario,"Haut salaire","Finance Hub Consultancy Ltd.","MISSISSAUGA, ON L5R 3E7","0111-Directeurs financiers",Inconnu,1,1
Ontario,"Haut salaire","FinGenius advisors Inc.","Toronto, ON M6P 3T1","0121-Directeurs des assurances, de l'immobilier et du courtage financier",Inconnu,1,1
Ontario,"Haut salaire","ForeFront Forum Ltd.","Ottawa, ON K1N 8S7","0124-Directeurs de la publicité, du marketing et des relations publiques",Inconnu,1,1
Ontario,"Haut salaire","ForeFront Forum Ltd.","Ottawa, ON K1N 8S7","1221-Agents d'administration",Inconnu,1,1
Ontario,"Haut salaire","FROZENMAN INC","Scarborough, ON M1N 4B5","5131-Producteurs, réalisateurs, chorégraphes et personnel assimilé",Inconnu,3,3
Ontario,"Haut salaire","Gallant & Toole Inc.","Etobicoke, ON M9C 5L5","0111-Directeurs financiers",Inconnu,1,1
Ontario,"Haut salaire","Glen Derry Physiotherapy and Wellness Clinic","Mississauga, ON L5N 3N5","1221-Agents d'administration",Corporation,1,1
Ontario,"Haut salaire","GRACELIGHT TRADING LTD.","Toronto, ON M5V 2Y1","0621-Directeurs - commerce de détail et de gros",Inconnu,1,1
Ontario,"Haut salaire","GRANT GLOBAL LOGISTICS INC.","MAPLE, ON L4K 4V5","7511-Conducteurs de camions de transport",Inconnu,1,5
Ontario,"Haut salaire","HANDS ON GREENS LTD.","Mississauga, ON L5B 3C3","1211-Superviseurs de commis de bureau et du personnel de soutien administratif",Inconnu,1,1
Ontario,"Haut salaire","HIMCAN CONSTRUCTION & RENOVATIONS INC.","Oakville, ON L6H 7S8","0711-Directeurs de la construction",Inconnu,1,1
Ontario,"Haut salaire","HM MISSISSAUGA INC.","St. Catharines, ON L2R 2Z5","1123-Professionnels en publicité, en marketing et en relations publiques",Inconnu,1,1
Ontario,"Haut salaire","HYPERAMA INC.","Toronto, ON M5G 2R2","6222-Acheteurs des commerces de détail et de gros",Inconnu,1,1
Ontario,"Haut salaire","iip recuriters inc","brampton, ON L6X 5A7",1414-Réceptionnistes,Inconnu,1,2
Ontario,"Haut salaire","INDERSONS ELECTRONICS INC","MISSISSAUGA, ON L4W 5K4","1211-Superviseurs de commis de bureau et du personnel de soutien administratif",Inconnu,1,1
Ontario,"Haut salaire","Inspectest Consulting Inc.","Mississauga, ON L5N 8C3","0013-Cadres supérieurs - services financiers, communications et autres services aux entreprises",Inconnu,1,1
Ontario,"Haut salaire","JBH Truck Centre Ltd.","Brampton, ON L6T 1A7","0016-Cadres supérieurs - construction, transport, production et services d'utilité publique",Inconnu,1,1
Ontario,"Haut salaire","JBH Truck Centre Ltd.","Brampton, ON L6T 1A7","0731-Directeurs des transports",Inconnu,1,1
Ontario,"Haut salaire","KAMY EVENT SOLUTIONS INC","Toronto, ON M5V 2Y1","1123-Professionnels en publicité, en marketing et en relations publiques",Inconnu,1,1
Ontario,"Haut salaire","KAMY EVENT SOLUTIONS INC","Toronto, ON M5V 2Y1","1226-Planificateurs de congrès et d'événements",Inconnu,1,1
Ontario,"Haut salaire","Kidoo Tax & Financial Services Inc.","Etobicoke, ON M9V 3Y7","0113-Directeurs des achats",Inconnu,1,1
Ontario,"Haut salaire","KISTAANGS INC","MILTON, ON L9T 0J3","2173-Ingénieurs et concepteurs en logiciel",Inconnu,1,1
Ontario,"Haut salaire","Lavish Home Comfort Ltd","Mississauga, ON L5B 4N4","7313-Mécaniciens en réfrigération et en climatisation",Inconnu,1,1
Ontario,"Haut salaire","LITTLE GROUP INC.","Toronto, ON M6N 4Z5","6314-Superviseurs des services d'information et des services à la clientèle",Inconnu,1,1
Ontario,"Haut salaire","Lux Academy Inc.","Richmond Hill, ON L4C 9P9","0124-Directeurs de la publicité, du marketing et des relations publiques",Inconnu,1,1
Ontario,"Haut salaire","MaaWaa Drinks&Foods Inc.","Mississauga, ON L5A 2R5","1311-Techniciens en comptabilité et teneurs de livres",Inconnu,1,1
Ontario,"Haut salaire","MAKEIT CORP.","North Bay, ON P1A 0B4","0013-Cadres supérieurs - services financiers, communications et autres services aux entreprises",Inconnu,1,1
Ontario,"Haut salaire","Malvi Systems Canada Incorporated","TORONTO, ON M9W 5Z8","2174-Programmeurs et développeurs en médias interactifs",Corporation,1,1
Ontario,"Haut salaire","MCB Plumbing Canada","Scarborough, ON M1B 2K4",7251-Plombiers,Inconnu,1,1
Ontario,"Haut salaire",Merchant,"Toronto, ON M6K  1Y","5131-Producteurs, réalisateurs, chorégraphes et personnel assimilé",Corporation,1,1
Ontario,"Haut salaire","Meza Tronics Inc.","Mississauga, ON L5N 5V3","2174-Programmeurs et développeurs en médias interactifs",Inconnu,1,1
Ontario,"Haut salaire","Mirza Property Management & Consultants Ltd.","Toronto, ON M5A 1S9","0125-Directeurs d'autres services aux entreprises",Inconnu,1,1
Ontario,"Haut salaire","Mouri Tech Inc","Scarborough, ON M1B 2W1","0013-Cadres supérieurs - services financiers, communications et autres services aux entreprises",Inconnu,1,1
Ontario,"Haut salaire","MSF Alliance Canada Ltd.","Toronto, ON M5V 2Y1","1241-Adjoints administratifs",Inconnu,1,1
Ontario,"Haut salaire","MULTI LOGISTICS INC.","windsor, ON N9B 3W9","0016-Cadres supérieurs - construction, transport, production et services d'utilité publique",Inconnu,1,1
Ontario,"Haut salaire","National Impex Inc.","Mississauga, ON L5S 1M4","0015-Cadres supérieurs - commerce, radiotélédiffusion et autres services, n.c.a.",Inconnu,1,1
Ontario,"Haut salaire","Nexim healthcare consultants Inc","Toronto, ON M6C 2R4","3212-Techniciens de laboratoire médical et assistants en pathologie",Inconnu,1,1
Ontario,"Haut salaire","Obox Solution Ltd.","Toronto, ON M4V 1L5","1311-Techniciens en comptabilité et teneurs de livres",Inconnu,1,1
Ontario,"Haut salaire","Oiledge consulting ltd.","EAST TORONTO, ON M5A 1S9","0114-Directeurs d'autres services administratifs",Inconnu,1,1
Ontario,"Haut salaire","Oiledge consulting ltd.","EAST TORONTO, ON M5A 1S9","1221-Agents d'administration",Inconnu,1,1
Ontario,"Haut salaire","OMH Mfg Inc","Linwood, ON N0B 2A0","9612-Manoeuvres en métallurgie",Inconnu,1,2
Ontario,"Haut salaire","Ontario Best Carrier Inc.","Bolton, ON L7E 3B6","7511-Conducteurs de camions de transport",Inconnu,1,3
Ontario,"Haut salaire","Pleasant Hills Care Solution Inc","Hamilton, ON L8H 2Y6","1223-Agents des ressources humaines et de recrutement",Inconnu,1,1
Ontario,"Haut salaire","Prior Immigration and Visa services Inc.","Mississauga, ON L5S 0A2","1311-Techniciens en comptabilité et teneurs de livres",Inconnu,1,1
Ontario,"Haut salaire","PRO TRANS INC.","Hamilton, ON L8N 3W1","0016-Cadres supérieurs - construction, transport, production et services d'utilité publique",Inconnu,1,1
Ontario,"Haut salaire","Qtech Consulting Services Inc.","Toronto, ON M5V 2Y1","0213-Gestionnaires des systèmes informatiques",Inconnu,1,1
Ontario,"Haut salaire","Quadrilateral Finance Consultancy Inc.","Toronto, ON M5V 2Y1","0111-Directeurs financiers",Inconnu,1,1
Ontario,"Haut salaire","Quadrilateral Finance Consultancy Inc.","Toronto, ON M5V 2Y1","0125-Directeurs d'autres services aux entreprises",Inconnu,1,1
Ontario,"Haut salaire","QZEE BUSINESS  AND SERVICES INC.","London, ON N5Y 3M2","1311-Techniciens en comptabilité et teneurs de livres",Inconnu,1,1
Ontario,"Haut salaire","R.L Risk Analysis Consultancy Inc.","TORONTO, ON M5B 1N9","0014-Cadres supérieurs - santé, enseignement, services sociaux et communautaires et associations mutuelles",Inconnu,1,1
Ontario,"Haut salaire","Radioaktivefilm(Canada) Inc.","Toronto, ON M6K 1Y6","5131-Producteurs, réalisateurs, chorégraphes et personnel assimilé",Inconnu,2,2
Ontario,"Haut salaire","Radke Films Ltd","Toronto, ON M6J 1C3","5131-Producteurs, réalisateurs, chorégraphes et personnel assimilé",Inconnu,2,2
Ontario,"Haut salaire","RAJWANT RANDHAWA FINANCIAL SERVICES","Brampton, ON L6W 4P9","1311-Techniciens en comptabilité et teneurs de livres",Inconnu,1,1
Ontario,"Haut salaire","Röchling Industrial","Orangeville, ON L9W 3K3","7231-Machinistes et vérificateurs d'usinage et d'outillage",Inconnu,1,1
Ontario,"Haut salaire","Sana Faheem Advertising Ltd.","WATERLOO, ON N2L 0C7","0124-Directeurs de la publicité, du marketing et des relations publiques",Inconnu,1,1
Ontario,"Haut salaire","SITA Associates Inc.","Mississauga, ON L4W 2K8","2233-Technologues et techniciens en génie industriel et en génie de fabrication",Inconnu,1,1
Ontario,"Haut salaire","SOCALL CANADIAN INC.","Toronto, ON M5A 1S9","0015-Cadres supérieurs - commerce, radiotélédiffusion et autres services, n.c.a.",Inconnu,1,1
Ontario,"Haut salaire","SOCALL CANADIAN INC.","Toronto, ON M5A 1S9","1221-Agents d'administration",Inconnu,1,1
Ontario,"Haut salaire","Solano Cement Finish Inc","Woodbridge, ON L4H 0T4","7282-Finisseurs de béton",Inconnu,1,1
Ontario,"Haut salaire","SOPHIOLOGY HR LTD.","Cambridge, ON N1R 7L6","0112-Directeurs des ressources humaines",Inconnu,1,1
Ontario,"Haut salaire","SPARKUP BUSINESS SOLUTIONS LTD.","Toronto, ON M5G 1E2","0125-Directeurs d'autres services aux entreprises",Inconnu,1,1
Ontario,"Haut salaire","Starlite Equipment Consultancy Inc.","WATERLOO, ON N2L 0C7","0015-Cadres supérieurs - commerce, radiotélédiffusion et autres services, n.c.a.",Inconnu,1,1
Ontario,"Haut salaire","Steam Films Inc.","Toronto, ON M6J 1C3","5131-Producteurs, réalisateurs, chorégraphes et personnel assimilé",Inconnu,2,2
Ontario,"Haut salaire","Sterling Content Inc","Toronto, ON M5V 2B3","5131-Producteurs, réalisateurs, chorégraphes et personnel assimilé",Inconnu,2,2
Ontario,"Haut salaire","Suneeva Ltd","Toronto, ON M5B 2E7","5131-Producteurs, réalisateurs, chorégraphes et personnel assimilé",Corporation,6,6
Ontario,"Haut salaire","Sunera Technologies Inc.","Stoney Creek, ON L8J 2S4","2283-Évaluateurs de systèmes informatiques",Inconnu,1,1
Ontario,"Haut salaire","Super-Pufft Snacks Corp","Mississauga, ON L5S 1N8","1112-Analystes financiers et analystes en placements",Inconnu,1,1
Ontario,"Haut salaire","SutraVentures Ltd","MISSISSAUGA, ON L5A 4C8","0013-Cadres supérieurs - services financiers, communications et autres services aux entreprises",Inconnu,1,1
Ontario,"Haut salaire","SutraVentures Ltd","MISSISSAUGA, ON L5A 4C8","1241-Adjoints administratifs",Inconnu,1,1
Ontario,"Haut salaire","T DOT AUTOMATION INC","Guelph, ON N1G 0E6","2232-Technologues et techniciens en génie mécanique",Inconnu,1,2
Ontario,"Haut salaire","Taco Factory Inc.","Welland, ON L3C 4Z8","1123-Professionnels en publicité, en marketing et en relations publiques",Inconnu,1,1
Ontario,"Haut salaire","Talent Trump International","London, ON N6A 3C2","0124-Directeurs de la publicité, du marketing et des relations publiques",Inconnu,1,1
Ontario,"Haut salaire","Tanush Transport Inc","North York, ON M9M 3B4","1221-Agents d'administration",Inconnu,1,1
Ontario,"Haut salaire","TATA LOGISTICS LTD.","Brampton, ON L6T 4T5","0013-Cadres supérieurs - services financiers, communications et autres services aux entreprises",Inconnu,1,1
Ontario,"Haut salaire","TATA LOGISTICS LTD.","Brampton, ON L6T 4T5","4163-Agents de développement économique, recherchistes et experts-conseils en marketing",Inconnu,1,1
Ontario,"Haut salaire","Team Associates LTD","Markham, ON L3R 0A9","0013-Cadres supérieurs - services financiers, communications et autres services aux entreprises",Inconnu,1,1
Ontario,"Haut salaire","Temple Road Publishing Inc.","Toronto, ON M5C 2C5","1241-Adjoints administratifs",Inconnu,1,1
Ontario,"Haut salaire","The Mystic Canada ltd.","Toronto, ON M4S 3E2","1221-Agents d'administration",Inconnu,1,1
Ontario,"Haut salaire","Topknot Aviation Ltd.","WATERLOO, ON N2L 0C7","0013-Cadres supérieurs - services financiers, communications et autres services aux entreprises",Inconnu,1,1
Ontario,"Haut salaire","TOR-EX INC.","Mississauga, ON L5H 3H3","7521-Conducteurs d'équipement lourd (sauf les grues)",Inconnu,1,1
Ontario,"Haut salaire","TRIGAR CONSULTING INC","East York, ON M4H 1J5","0125-Directeurs d'autres services aux entreprises",Inconnu,1,1
Ontario,"Haut salaire","Violet Renovations LTD","Mississauga, ON L5G 4C6","0711-Directeurs de la construction",Inconnu,1,1
Ontario,"Haut salaire","Wisdom Edge Inc.","MISSISSAUGA, ON L4W 5K4","0421-Administrateurs - enseignement postsecondaire et formation professionnelle",Inconnu,1,1
Ontario,"Haut salaire","Wood Brick Construction Limited","Brantford, ON N3T 0K4","7284-Plâtriers, poseurs et finisseurs de systèmes intérieurs et latteurs",Inconnu,1,1
Ontario,"Haut salaire","WORLD VISION TRAVELS INC.","Ottawa, ON K1N 8S7","0601-Directeurs des ventes corporatives",Inconnu,1,1
Ontario,"Haut salaire","Zuva Inc.","Toronto, ON M5X 1B8","2173-Ingénieurs et concepteurs en logiciel",Inconnu,1,1
Ontario,"Résident Permanent seulement","13248020 Canada Inc","Brampton, ON L7A 2L8","1221-Agents d'administration",Inconnu,1,1
Ontario,"Résident Permanent seulement","13616291 Canada Inc.","Brampton, ON L7A 3S6","0016-Cadres supérieurs - construction, transport, production et services d'utilité publique",Inconnu,1,1
Ontario,"Résident Permanent seulement","14010094 CANADA INC","Ottawa, ON K1N 9J7","0631-Directeurs de la restauration et des services alimentaires",Inconnu,1,1
Ontario,"Résident Permanent seulement","2210310 Ontario Inc.","Milton, ON L9T 5J3","0016-Cadres supérieurs - construction, transport, production et services d'utilité publique",Inconnu,1,1
Ontario,"Résident Permanent seulement","2218361 Ontario inc","Toronto, ON M2N 1P5","6311-Superviseurs des services alimentaires",Inconnu,1,1
Ontario,"Résident Permanent seulement","2589193 ONTARIO INC.","Nepean, ON K2J 4H9","6311-Superviseurs des services alimentaires",Inconnu,1,1
Ontario,"Résident Permanent seulement","2693908 ONTARIO INC.","Bowmanville, ON L1C 2W4","0632-Directeurs des services d'hébergement",Inconnu,1,1
Ontario,"Résident Permanent seulement","2755523 ONTARIO CORPORATION","Barrie, ON L4N 3V7","1241-Adjoints administratifs",Inconnu,1,1
Ontario,"Résident Permanent seulement","Auto Realm Inc","London, ON N5W 5V3","1215-Superviseurs du personnel de coordination de la chaîne d'approvisionnement, du suivi et des horaires",Inconnu,1,1
Ontario,"Résident Permanent seulement","Biz Echo First Cut Inc","MILTON, ON L9T 5L8","0112-Directeurs des ressources humaines",Inconnu,1,1
Ontario,"Résident Permanent seulement","Connect6 Group Inc.","Toronto, ON M3C 1V9","0124-Directeurs de la publicité, du marketing et des relations publiques",Inconnu,1,1
Ontario,"Résident Permanent seulement","CRYSTAL EDGE CARE","Corunna, ON N0N 1G0","0013-Cadres supérieurs - services financiers, communications et autres services aux entreprises",Inconnu,1,1
Ontario,"Résident Permanent seulement","CRYSTAL EDGE CARE","Corunna, ON N0N 1G0","0014-Cadres supérieurs - santé, enseignement, services sociaux et communautaires et associations mutuelles",Inconnu,1,1
Ontario,"Résident Permanent seulement","E2C ABROAD INC.","MISSISSAUGA, ON L4W 4Z3","1241-Adjoints administratifs",Inconnu,1,1
Ontario,"Résident Permanent seulement","FAZ INC.","MISSISSAUGA, ON L5N 2Y5","0013-Cadres supérieurs - services financiers, communications et autres services aux entreprises",Inconnu,1,1
Ontario,"Résident Permanent seulement","Havas Canada Holdings Inc.","Toronto, ON M5V 1T1","1123-Professionnels en publicité, en marketing et en relations publiques",Inconnu,1,1
Ontario,"Résident Permanent seulement","Homelife G1 Realty Inc","Brampton, ON L6R 3J5","1241-Adjoints administratifs",Inconnu,1,1
Ontario,"Résident Permanent seulement","Hunter Express Ltd.","Brampton, ON L6T 1A7","0016-Cadres supérieurs - construction, transport, production et services d'utilité publique",Inconnu,1,1
Ontario,"Résident Permanent seulement","Jay Kali Inc.","Minden, ON K0M 2K0","6311-Superviseurs des services alimentaires",Inconnu,1,1
Ontario,"Résident Permanent seulement","JBH Truck Centre Ltd.","Brampton, ON L6T 1A7","0016-Cadres supérieurs - construction, transport, production et services d'utilité publique",Inconnu,1,1
Ontario,"Résident Permanent seulement","JG GROUP INC.","Mississauga, ON L5T 1E7","1311-Techniciens en comptabilité et teneurs de livres",Inconnu,2,2
Ontario,"Résident Permanent seulement","JG GROUP INC.","Mississauga, ON L5T 1E7","5241-Designers graphiques et illustrateurs",Inconnu,1,1
Ontario,"Résident Permanent seulement","KIDTOPIA CHILD CARE CENTRE INC.","Mississauga, ON L5N 2X7","4214-Éducateurs et aides-éducateurs de la petite enfance",Inconnu,1,1
Ontario,"Résident Permanent seulement","Lakes of Muskoka Cottage Brewery","Bracebridge, ON P1L 1R1","9213-Surveillants dans la transformation des aliments, des boissons et des produits connexes",Inconnu,1,1
Ontario,"Résident Permanent seulement","M633 Hospitality Corp","Toronto, ON M5V 2A2","0631-Directeurs de la restauration et des services alimentaires",Inconnu,1,1
Ontario,"Résident Permanent seulement","North York Endoscopy Centre Corporation","Toronto, ON M3J 2C5","1243-Adjoints administratifs médicaux",Inconnu,1,1
Ontario,"Résident Permanent seulement","Polythene Products Canada Ltd.","Mississauga, ON L5S 1E7","1311-Techniciens en comptabilité et teneurs de livres",Inconnu,1,1
Ontario,"Résident Permanent seulement","RCSPL CANADA INC.","Mississauga, ON L4T 4E5","6314-Superviseurs des services d'information et des services à la clientèle",Inconnu,1,1
Ontario,"Résident Permanent seulement","RJ31 SERVICES INC.","BRAMPTON, ON L6Y 0P8","1223-Agents des ressources humaines et de recrutement",Inconnu,1,1
Ontario,"Résident Permanent seulement","RJ31 SERVICES INC.","BRAMPTON, ON L6Y 0P8","1241-Adjoints administratifs",Inconnu,1,1
Ontario,"Résident Permanent seulement","Solar Provider Group Inc.","Toronto, ON M6K 0C7","0013-Cadres supérieurs - services financiers, communications et autres services aux entreprises",Inconnu,1,1
Ontario,"Résident Permanent seulement","Tanush Transport Inc","North York, ON M9M 3B4","1311-Techniciens en comptabilité et teneurs de livres",Inconnu,1,1
Ontario,"Résident Permanent seulement","TOWNCRIER COMMUNICATIONS INC.","KITCHENER, ON N2K 0E4","0013-Cadres supérieurs - services financiers, communications et autres services aux entreprises",Inconnu,1,1
Ontario,"Résident Permanent seulement","Wufeng Group Corp.","North York, ON M2N 1R1","0016-Cadres supérieurs - construction, transport, production et services d'utilité publique",Inconnu,1,1
Ontario,"Talent mondial","13199517 Canada Inc","Toronto, ON M5X 1C9","2172-Analystes de bases de données et administrateurs de données",Inconnu,1,1
Ontario,"Talent mondial","DHALIWAL TRANSPORTATION INC","BRAMPTON, ON L7A 2Z3","2174-Programmeurs et développeurs en médias interactifs",Inconnu,1,1
Ontario,"Talent mondial","Edifian Inc","Etobicoke, ON M8Z 3A8","0213-Gestionnaires des systèmes informatiques",Corporation,1,1
Ontario,"Talent mondial","Malvi Systems Canada Incorporated","TORONTO, ON M9W 5Z8","2171-Analystes et consultants en informatique",Corporation,1,2
Ontario,"Talent mondial","RAMP Technology Group Inc.","Markham, ON L3R 5G3","2174-Programmeurs et développeurs en médias interactifs",Inconnu,2,2
Manitoba,"Bas salaire","10089206 Manitoba LTD","Dauphin, MB R7N 3H4",6611-Caissiers,Inconnu,1,1
Manitoba,"Bas salaire","4091019 manitoba Ltd. o/a Subway Thompson","Thompson, MB R8N 0M3","6311-Superviseurs des services alimentaires",Inconnu,1,1
Manitoba,"Bas salaire","4091019 manitoba Ltd. o/a Subway Thompson","Thompson, MB R8N 0M3","6711-Serveurs au comptoir, aides de cuisine et personnel de soutien assimilé",Inconnu,1,1
Manitoba,"Bas salaire","7216247 MANITOBA LTD","WINNIPEG, MB R3P 2M4","6711-Serveurs au comptoir, aides de cuisine et personnel de soutien assimilé",Inconnu,1,1
Manitoba,"Bas salaire","7542497 MANITOBA LTD.","WINNIPEG, MB R3T 5L1","6711-Serveurs au comptoir, aides de cuisine et personnel de soutien assimilé",Inconnu,1,1
Manitoba,"Bas salaire","CH HEALTH & HOME CARE SERVICES","Winnipeg, MB R3B 1E4","3413-Aides-infirmiers, aides-soignants et préposés aux bénéficiaires",Inconnu,1,2
Manitoba,"Bas salaire","CROSSROADS GROCERY 274 LTD","SOMERSET, MB R0G 2L0","6331-Bouchers, coupeurs de viande et poissonniers - commerce de gros et de détail",Inconnu,1,1
Manitoba,"Bas salaire","G S Homes Ltd","West Saint Paul, MB R4A 5A4","7284-Plâtriers, poseurs et finisseurs de systèmes intérieurs et latteurs",Inconnu,1,3
Manitoba,"Bas salaire","INS Transport LTD","Rural Municipality of Rosser, MB R0H 1E0","7622-Manoeuvres dans le transport ferroviaire et routier",Inconnu,1,2
Manitoba,"Bas salaire","Jake & M Transport Inc","Kleefeld, MB R0A 0V1","7511-Conducteurs de camions de transport",Inconnu,1,3
Manitoba,"Bas salaire","The Happy Plate Inc","Rathwell, MB R0G 1S0","6711-Serveurs au comptoir, aides de cuisine et personnel de soutien assimilé",Inconnu,1,3
Manitoba,"Haut salaire","10152858 Manitoba Ltd.","WINNIPEG, MB R3C 2B2","0015-Cadres supérieurs - commerce, radiotélédiffusion et autres services, n.c.a.",Inconnu,1,1
Manitoba,"Haut salaire","Berry's Services inc.","Winnipeg, MB R3B 2X2","6731-Préposés à l'entretien ménager et au nettoyage - travaux légers",Inconnu,1,1
Manitoba,"Haut salaire","DIC Construction Inc.","Winnipeg, MB R3Y 0V3","1123-Professionnels en publicité, en marketing et en relations publiques",Inconnu,1,1
Manitoba,"Haut salaire","FAST FLEET SOLUTIONS LTD.","WINNIPEG, MB R2R 0Z9","6731-Préposés à l'entretien ménager et au nettoyage - travaux légers",Inconnu,1,1
Manitoba,"Haut salaire","Genuwine Cellars Inc.","Winnipeg, MB R2C 2Z2","6221-Spécialistes des ventes techniques - commerce de gros",Inconnu,1,1
Manitoba,"Haut salaire","Penn-co Construction Canada (2003) Ltd.","Blumenort, MB R0A 0C0","2231-Technologues et techniciens en génie civil",Inconnu,1,1
Manitoba,"Haut salaire","Sunhope Health Town Co., Ltd.","Winnipeg, MB R3J 0Z3","3232-Praticiens des médecines douces",Inconnu,1,1
Manitoba,"Haut salaire","SWARAJ PRINJA CONSULTANCY CANADA INC","WINNIPEG, MB R2R 0M5","1311-Techniciens en comptabilité et teneurs de livres",Inconnu,1,2
Manitoba,"Haut salaire","Up In Sky Inc.","WINNIPEG, MB R3W 0G4","6211-Superviseurs des ventes - commerce de détail",Inconnu,1,1
Manitoba,"Résident Permanent seulement","D & W Logistics Ltd.","Winnipeg, MB R3Y 0N5","1241-Adjoints administratifs",Inconnu,1,1
Saskatchewan,"Agriculture primaire","Zosel Tree Farm","PLEASANTDALE, SK S0K 3H0","8432-Ouvriers de pépinières et de serres",Inconnu,1,4
Saskatchewan,"Bas salaire","101222051 Saskatchewan Ltd.","Moose Jaw, SK S6J 1M6","1241-Adjoints administratifs",Inconnu,1,1
Saskatchewan,"Bas salaire","Afzal Tirmzi & Sons Transport Limited","Saskatoon, SK S7R 0L4","7514-Chauffeurs-livreurs - services de livraison et de messagerie",Inconnu,1,2
Saskatchewan,"Bas salaire","Babbar Transport Inc","REGINA, SK S0G 3Z0","1241-Adjoints administratifs",Inconnu,1,2
Saskatchewan,"Bas salaire","Babbar Transport Inc","REGINA, SK S0G 3Z0",1525-Répartiteurs,Inconnu,1,2
Saskatchewan,"Bas salaire","Ben Couriers","Regina, SK S4W 0H1","7321-Mécaniciens et réparateurs de véhicules automobiles, de camions et d'autobus",Inconnu,1,1
Saskatchewan,"Bas salaire","Cindy Quinton Holdings Ltd.","Melfort, SK S0E 1A0",6332-Boulangers-pâtissiers,Inconnu,1,1
Saskatchewan,"Bas salaire","Cindy Quinton Holdings Ltd.","Melfort, SK S0E 1A0","6622-Garnisseurs de tablettes, commis et préposés aux commandes dans les magasins",Inconnu,1,1
Saskatchewan,"Bas salaire","Cindy Quinton Holdings Ltd.","Melfort, SK S0E 1A0","6711-Serveurs au comptoir, aides de cuisine et personnel de soutien assimilé",Inconnu,1,8
Saskatchewan,"Bas salaire","Fon Business Ventures Corp","Saskatoon, SK S7N 1Y6","6731-Préposés à l'entretien ménager et au nettoyage - travaux légers",Inconnu,1,2
Saskatchewan,"Bas salaire","Jack's Pizza Ltd.","Unity, SK S0K 4L0","6711-Serveurs au comptoir, aides de cuisine et personnel de soutien assimilé",Inconnu,1,2
Saskatchewan,"Bas salaire","Macaranas Cleaning Ltd","Regina, SK S4N 5A7","6731-Préposés à l'entretien ménager et au nettoyage - travaux légers",Inconnu,1,1
Alberta,"Agriculture primaire","Serfas Farms Ltd","Turin, AB T0K 2H0","8252-Entrepreneurs de services agricoles, surveillants d'exploitations agricoles et ouvriers spécialisés dans l'élevage",Inconnu,1,3
Alberta,"Bas salaire","101145697 Saskatchewan Ltd.","Calgary, AB T2A 2L7",6611-Caissiers,Inconnu,1,1
Alberta,"Bas salaire","1278844 ALBERTA LTD","CALGARY, AB T3N 1L3","6733-Concierges et surintendants d'immeubles",Inconnu,1,1
Alberta,"Bas salaire","1303831 Alberta Ltd.","Calgary, AB T2X 4G5",7271-Charpentiers-menuisiers,Inconnu,1,1
Alberta,"Bas salaire","2226802 Alberta LTD.","Calgary, AB T3J 1Y6","7611-Aides de soutien des métiers et manoeuvres en construction",Inconnu,1,1
Alberta,"Bas salaire","2281313 Alberta Ltd.","Edmonton, AB T5K 0L5",6322-Cuisiniers,Inconnu,1,1
Alberta,"Bas salaire","2382399 Alberta Inc.","Calgary, AB T2J 0P5","6311-Superviseurs des services alimentaires",Inconnu,1,1
Alberta,"Bas salaire","2382399 Alberta Inc.","Calgary, AB T2J 0P5",6322-Cuisiniers,Inconnu,1,1
Alberta,"Bas salaire","2398211 Alberta LTD","Calgary, AB T2G 0T3","0621-Directeurs - commerce de détail et de gros",Inconnu,1,1
Alberta,"Bas salaire","A&L electrical services ltd.","EDMONTON, AB T6X 1S8","1241-Adjoints administratifs",Inconnu,1,1
Alberta,"Bas salaire","ACONNECT INC.","Calgary, AB T2N 2B6","1241-Adjoints administratifs",Inconnu,1,1
Alberta,"Bas salaire","Amazing Duo Cleaning Services","Calgary, AB T1Y 4W8","6731-Préposés à l'entretien ménager et au nettoyage - travaux légers",Inconnu,1,2
Alberta,"Bas salaire","ARC PLUMBING INC.","airdrie, AB T4A 1W9",7251-Plombiers,Inconnu,1,1
Alberta,"Bas salaire","Belvent Manufacturing Ltd.","Edmonton, AB T5H 3P7","9416-Opérateurs de machines à travailler les métaux légers et lourds, et de machines de formage",Inconnu,1,3
Alberta,"Bas salaire","Blue Rock Construction Ltd.","Edmonton, AB T6T 1W9","1241-Adjoints administratifs",Inconnu,1,1
Alberta,"Bas salaire","BRIDGE TO CARE","Spruce Grove, AB T7X 0J6","4212-Travailleurs des services sociaux et communautaires",Inconnu,1,1
Alberta,"Bas salaire","Compass Bending Ltd.","Calgary, AB T2C 1W2","9416-Opérateurs de machines à travailler les métaux légers et lourds, et de machines de formage",Inconnu,1,1
Alberta,"Bas salaire","Crest Immigration Services inc.","Edmonton, AB T5Z 0J4","1241-Adjoints administratifs",Inconnu,1,1
Alberta,"Bas salaire","FASTWAY TRANS GROUP INC.","Calgary, AB T3J 4H6","6211-Superviseurs des ventes - commerce de détail",Inconnu,1,1
Alberta,"Bas salaire","Genesis Construction Inc.","Calgary, AB T3C 0N3","7611-Aides de soutien des métiers et manoeuvres en construction",Inconnu,1,3
Alberta,"Bas salaire","GENIUS EXTERIORS LTD","Edmonton, AB T6B 3G1","7611-Aides de soutien des métiers et manoeuvres en construction",Inconnu,1,5
Alberta,"Bas salaire","GIAANSH MANAGEMENT LTD","Edmonton, AB T5S 2X6",6322-Cuisiniers,Inconnu,1,1
Alberta,"Bas salaire","HENVI & PAL'S RESTAURANTS INC.","CALGARY, AB T2Z 3E7","6711-Serveurs au comptoir, aides de cuisine et personnel de soutien assimilé",Inconnu,1,1
Alberta,"Bas salaire","Legacy Immigration Services","BEAUMONT, AB T4X 2A2",1414-Réceptionnistes,Inconnu,1,1
Alberta,"Bas salaire","Lethbridge Chicken Foods Inc","Lethbridge, AB T1J 0L9","6711-Serveurs au comptoir, aides de cuisine et personnel de soutien assimilé",Inconnu,1,1
Alberta,"Bas salaire","LKJ Renovation Inc","Edmonton, AB T6P 1G8","7291-Couvreurs et poseurs de bardeaux",Inconnu,1,1
Alberta,"Bas salaire","MBIC Immigration Services Ltd.","Calgary, AB T2P 3H6","1241-Adjoints administratifs",Inconnu,1,1
Alberta,"Bas salaire","Mid east well bake corporation","calgary, AB T1Y 7L9","6711-Serveurs au comptoir, aides de cuisine et personnel de soutien assimilé",Inconnu,1,2
Alberta,"Bas salaire","MPC Logistics Inc.","Edmonton, AB T6L 5X9","6621-Préposés de stations-service",Inconnu,1,2
Alberta,"Bas salaire","Newton Holding Ltd","Edmonton, AB T6P 1M2","7511-Conducteurs de camions de transport",Inconnu,1,2
Alberta,"Bas salaire","Nho Saigon Inc.","Calgary, AB T2T 1Z7","6711-Serveurs au comptoir, aides de cuisine et personnel de soutien assimilé",Inconnu,1,1
Alberta,"Bas salaire","Olti Ceramic Tile Ltd.","Edmonton, AB T5T 7G7","7611-Aides de soutien des métiers et manoeuvres en construction",Inconnu,1,1
Alberta,"Bas salaire","Pho Uncle Ten Inc","Calgary, AB T2A 7X6",6322-Cuisiniers,Inconnu,1,3
Alberta,"Bas salaire","PK 17TH AVENUE INC.","CALGARY, AB T2A 0S5",6322-Cuisiniers,Inconnu,1,1
Alberta,"Bas salaire","PosadaGem Food Products","Lethbridge, AB T1J 3S7","1215-Superviseurs du personnel de coordination de la chaîne d'approvisionnement, du suivi et des horaires",Inconnu,1,1
Alberta,"Bas salaire","PRABH DISTRIBUTORS LTD.","CALGARY, AB T3N 0V7","7611-Aides de soutien des métiers et manoeuvres en construction",Inconnu,1,3
Alberta,"Bas salaire","Red Spoon Holdings Ltd","Edmonton, AB T6M 0M8","6711-Serveurs au comptoir, aides de cuisine et personnel de soutien assimilé",Inconnu,3,3
Alberta,"Bas salaire","SAMRA WELDING LTD","Edmonton, AB T6T 0L3","9612-Manoeuvres en métallurgie",Inconnu,1,1
Alberta,"Bas salaire","Skyhawk Transport Services Ltd.","St. Albert, AB T8N 4C9","1411-Employés de soutien de bureau généraux",Inconnu,1,1
Alberta,"Bas salaire","Spiro's family holdings Ltd","Lloydminster, AB T9V 0Y1","6711-Serveurs au comptoir, aides de cuisine et personnel de soutien assimilé",Inconnu,1,2
Alberta,"Bas salaire","Summit Resort MPM Inc-o/a Falcon Crest Lodge","Canmore, AB T1W 3K5","6313-Superviseurs des services d'hébergement, de voyages, de tourisme et des services connexes",Inconnu,1,1
Alberta,"Bas salaire","The Landscape Artist Inc.","Foothills, AB T1S 4E9","8612-Manoeuvres en aménagement paysager et en entretien des terrains",Inconnu,1,8
Alberta,"Bas salaire","The Posh Boutique Inc.","Calgary, AB T3N 1W3",6611-Caissiers,Inconnu,1,1
Alberta,"Bas salaire","The Roaring Rolls","Canmore, AB T1W 0L5","6711-Serveurs au comptoir, aides de cuisine et personnel de soutien assimilé",Inconnu,1,1
Alberta,"Bas salaire","Turkish Kebab House Inc","Calgary, AB T2A 0V6","6711-Serveurs au comptoir, aides de cuisine et personnel de soutien assimilé",Inconnu,1,2
Alberta,"Bas salaire","Unit Eight 73 Inc (1008)","Edmonton, AB T5V 0C8","6711-Serveurs au comptoir, aides de cuisine et personnel de soutien assimilé",Inconnu,1,1
Alberta,"Bas salaire","UnityRig Equipment Inc","Nisku, AB T9E 7M1","1241-Adjoints administratifs",Inconnu,1,1
Alberta,"Bas salaire","Vemuri Talla Pharmacy services Ltd","Peace River, AB T8S 0A3","3219-Autres technologues et techniciens des sciences de la santé (sauf soins dentaires)",Inconnu,1,1
Alberta,"Bas salaire","Wild Forest Adventures Sled Dog Tours and Pet Boarding","Crooked Creek, AB T0H 0Y0","5254-Animateurs et responsables de programmes de sports, de loisirs et de conditionnement physique",Inconnu,1,1
Alberta,"Bas salaire","World Guardian Inc.","Edmonton, AB T6E 5Y7","1241-Adjoints administratifs",Inconnu,1,1
Alberta,"Bas salaire","ZM Auto Group Limited","Edmonton, AB T6R 3B2","1241-Adjoints administratifs",Inconnu,1,1
Alberta,"Haut salaire","10093998 Canada inc","calgary, AB T3J 0Y5","1221-Agents d'administration",Inconnu,1,1
Alberta,"Haut salaire","1141210 ALBERTA LTD.","CALGARY, AB T2P 1A5","2174-Programmeurs et développeurs en médias interactifs",Inconnu,1,2
Alberta,"Haut salaire","1230152 Alberta Ltd.","Calgary, AB T2V 4L1","4163-Agents de développement économique, recherchistes et experts-conseils en marketing",Inconnu,1,1
Alberta,"Haut salaire","1842564 Alberta Ltd.","St Albert, AB T8N 3W2","1221-Agents d'administration",Inconnu,1,1
Alberta,"Haut salaire","2174779 Alberta Ltd.","Calgary, AB T3J 0J8",7452-Manutentionnaires,Inconnu,1,1
Alberta,"Haut salaire","2221766 Alberta Ltd.","Edmonton, AB T6N 1B6","5241-Designers graphiques et illustrateurs",Inconnu,1,1
Alberta,"Haut salaire","2376977 ALBERTA LTD.","Calgary, AB T2R 0K1","0601-Directeurs des ventes corporatives",Inconnu,1,1
Alberta,"Haut salaire","2507245 ALBERTA LTD","EDMONTON, AB T6W 4X6","1221-Agents d'administration",Inconnu,1,1
Alberta,"Haut salaire","Avanti Legacy Inc.","Calgary, AB T3J 0Z7","1221-Agents d'administration",Inconnu,1,1
Alberta,"Haut salaire","Big Project Investments Ltd","Calgary, AB T2P 3T1","1241-Adjoints administratifs",Inconnu,1,1
Alberta,"Haut salaire","Blue Horse Transportation  Ltd.","Calgary, AB T3J 0Y9","7511-Conducteurs de camions de transport",Inconnu,1,1
Alberta,"Haut salaire","Building Depot Supply Ltd","Edmonton, AB T6B 2P4","7511-Conducteurs de camions de transport",Inconnu,1,3
Alberta,"Haut salaire","CALGARY DRYWALL LTD.","CHESTERMERE, AB T1X 0B4","7611-Aides de soutien des métiers et manoeuvres en construction",Inconnu,1,2
Alberta,"Haut salaire","Canadian Heavy Truck Solutions Inc.","Rockyview County, AB T1X 0K3","1241-Adjoints administratifs",Inconnu,1,1
Alberta,"Haut salaire","Central Protection Services Inc.","Edmonton, AB T6E 6A4","1311-Techniciens en comptabilité et teneurs de livres",Inconnu,1,1
Alberta,"Haut salaire","CIVIL CONSTRUCTION SOLUTION LTD.","Edmonton, AB T5J 3S9","2264-Inspecteurs en construction",Inconnu,1,1
Alberta,"Haut salaire","Dreamline Drywall Ltd.","CALGARY, AB T3N 1A8",7271-Charpentiers-menuisiers,Inconnu,1,1
Alberta,"Haut salaire","Dynatech Systems Inc.","Calgary, AB T2P 0J4","0013-Cadres supérieurs - services financiers, communications et autres services aux entreprises",Inconnu,1,1
Alberta,"Haut salaire","Ecostone Construction LTD","Rocky View County, AB T1Z 0B8","7282-Finisseurs de béton",Inconnu,1,2
Alberta,"Haut salaire","Epsilon Environmental Solutions Inc.","Calgary, AB T2Z 1J2","7372-Foreurs et dynamiteurs de mines à ciel ouvert, de carrières et de chantiers de construction",Inconnu,1,1
Alberta,"Haut salaire","Eternal cabinetry inc.","Edmonton, AB T6N 1B2","1221-Agents d'administration",Inconnu,1,1
Alberta,"Haut salaire","FAAB Consultants Inc","Calgary, AB T3N 1K7","0124-Directeurs de la publicité, du marketing et des relations publiques",Inconnu,1,1
Alberta,"Haut salaire","G & D Trucking Ltd.","Calgary, AB T3N 1H1","1221-Agents d'administration",Inconnu,1,1
Alberta,"Haut salaire","GAYATRI HOLDINGS MEDICINE HAT B INC.","MEDICINE HAT, AB T1A 8C1","1311-Techniciens en comptabilité et teneurs de livres",Inconnu,1,1
Alberta,"Haut salaire","Henry C.D Carpenter Inc.","Calgary, AB T3J 1V2",7271-Charpentiers-menuisiers,Inconnu,1,3
Alberta,"Haut salaire","J&J Logistic Ltd","Calgary, AB T3J 0W2","7511-Conducteurs de camions de transport",Inconnu,1,1
Alberta,"Haut salaire","Legacy Immigration Services","BEAUMONT, AB T4X 2A2","1221-Agents d'administration",Inconnu,1,1
Alberta,"Haut salaire","Legacy Immigration Services","BEAUMONT, AB T4X 2A2","1311-Techniciens en comptabilité et teneurs de livres",Inconnu,1,1
Alberta,"Haut salaire","LOTUS CREATIVE SOLUTIONS LTD.","Edmonton, AB T6N 1B4","5241-Designers graphiques et illustrateurs",Inconnu,1,1
Alberta,"Haut salaire","RIVERA HOMES LTD","Edmonton, AB T6B 3G1","1221-Agents d'administration",Inconnu,1,1
Alberta,"Haut salaire","RIVERA HOMES LTD","Edmonton, AB T6B 3G1","1311-Techniciens en comptabilité et teneurs de livres",Inconnu,1,1
Alberta,"Haut salaire","Sandhu Transportation Ltd","Rocky View County, AB T1X 0K1","1311-Techniciens en comptabilité et teneurs de livres",Inconnu,1,1
Alberta,"Haut salaire","SILVER FREIGHT TRUCKING INC.","Calgary, AB T3J 0B6","1221-Agents d'administration",Inconnu,1,1
Alberta,"Haut salaire","SUNORA FOODS","CALGARY, AB T3A 0X9","1111-Vérificateurs et comptables",Inconnu,1,1
Alberta,"Haut salaire","SUNORA FOODS","CALGARY, AB T3A 0X9","1215-Superviseurs du personnel de coordination de la chaîne d'approvisionnement, du suivi et des horaires",Inconnu,1,1
Alberta,"Haut salaire","SUPER 1 CONSTRUCTIONS LTD.","CALGARY, AB T3J 2C8","7611-Aides de soutien des métiers et manoeuvres en construction",Inconnu,1,2
Alberta,"Haut salaire","Super Services Corp","EDMONTON, AB T6B 3J4","1221-Agents d'administration",Inconnu,1,1
Alberta,"Haut salaire","UPVIEW CONSTRUCTION & MANAGEMENT LTD.","CALGARY, AB T2E 2M3","1123-Professionnels en publicité, en marketing et en relations publiques",Inconnu,1,1
Alberta,"Haut salaire","Waymaker Creative Services Inc.","Edmonton, AB T6T 1E2","1123-Professionnels en publicité, en marketing et en relations publiques",Inconnu,1,2
Alberta,"Haut salaire","WOODFELLAS CONSTRUCTION LTD.","Calgary, AB T3J 0B4","1221-Agents d'administration",Inconnu,1,1
Alberta,"Haut salaire","ZM Auto Group Limited","Edmonton, AB T6R 3B2","0114-Directeurs d'autres services administratifs",Inconnu,1,1
Alberta,"Résident Permanent seulement","Angad Immigration Consultancy Services Inc.","Edmonton, AB T6E  5T","1241-Adjoints administratifs",Inconnu,1,1
Alberta,"Résident Permanent seulement","HEMKUND DEVELOPMENTS LTD.","Edmonton, AB T5M 1V4","0125-Directeurs d'autres services aux entreprises",Inconnu,1,1
Colombie-Britannique,"Agriculture primaire","HIGH POWER NURSERY LTD.","ABBOTSFORD, BC V2T  9H","8431-Ouvriers agricoles",Corporation,1,9
Colombie-Britannique,"Agriculture primaire","Sun Harrison Hot Spring Farm Inc.","Agassiz, BC V0M 1A3","8431-Ouvriers agricoles",Inconnu,1,5
Colombie-Britannique,"Agriculture primaire","Sunshine meadow farms ltd","Pitt meadows, BC V3Y 2R8","8252-Entrepreneurs de services agricoles, surveillants d'exploitations agricoles et ouvriers spécialisés dans l'élevage",Inconnu,1,2
Colombie-Britannique,"Agriculture primaire","Year Around Agri Farms Ltd.","Surrey, BC V3W 6H6","8431-Ouvriers agricoles",Inconnu,1,30
Colombie-Britannique,"Bas salaire","0722802 BC LTD.","Burnaby, BC V3N 4N3","1241-Adjoints administratifs",Inconnu,1,1
Colombie-Britannique,"Bas salaire","0722802 BC LTD.","Burnaby, BC V3N 4N3","1311-Techniciens en comptabilité et teneurs de livres",Inconnu,1,1
Colombie-Britannique,"Bas salaire","0852905 B.C. Ltd.","Vancouver, BC V6J 1W6",6332-Boulangers-pâtissiers,Inconnu,1,1
Colombie-Britannique,"Bas salaire","1181778 B.C.LTD","NORTH VANCOUVER, BC V7J 3S8","0631-Directeurs de la restauration et des services alimentaires",Inconnu,1,1
Colombie-Britannique,"Bas salaire","1211853 BC LTD","Vancouver, BC V6T 1K6","0631-Directeurs de la restauration et des services alimentaires",Inconnu,1,2
Colombie-Britannique,"Bas salaire","1261102 B.C. LTD.","Mission, BC V2V 6C7","6711-Serveurs au comptoir, aides de cuisine et personnel de soutien assimilé",Inconnu,1,1
Colombie-Britannique,"Bas salaire","12669340 Canada Ltd.","Kelowna, BC V1P 1R1","7514-Chauffeurs-livreurs - services de livraison et de messagerie",Inconnu,1,1
Colombie-Britannique,"Bas salaire","1290563 B.C. LTD.","Richmond, BC V7A 4E1","6711-Serveurs au comptoir, aides de cuisine et personnel de soutien assimilé",Inconnu,1,2
Colombie-Britannique,"Bas salaire","1326414 B.C. Ltd","Victoria, BC V9B 2W8","7514-Chauffeurs-livreurs - services de livraison et de messagerie",Inconnu,1,2
Colombie-Britannique,"Bas salaire","1377592 B.C. LTD.","VERNON, BC V1T 2T2",6322-Cuisiniers,Inconnu,1,1
Colombie-Britannique,"Bas salaire","3 Star Tile & Stone Services  Ltd.","Surrey, BC V3V 5M2",7281-Briqueteurs-maçons,Inconnu,1,2
Colombie-Britannique,"Bas salaire","3 Star Tile & Stone Services  Ltd.","Surrey, BC V3V 5M2",7283-Carreleurs,Inconnu,1,2
Colombie-Britannique,"Bas salaire","647700 BC Ltd","Kelowna, BC V1X 4J4","6315-Surveillants des services de nettoyage",Inconnu,1,1
Colombie-Britannique,"Bas salaire","A & S HAND CAR WASH LTD.","Surrey, BC V3W 3N4","6732-Nettoyeurs spécialisés",Inconnu,1,2
Colombie-Britannique,"Bas salaire","BCK Enterprises Ltd.","Kelowna, BC V1W 3S9","6711-Serveurs au comptoir, aides de cuisine et personnel de soutien assimilé",Inconnu,1,2
Colombie-Britannique,"Bas salaire","Coast Spas Manufacturing Inc","Langley, BC V2Y 1N1","9537-Monteurs, finisseurs et contrôleurs de produits divers",Inconnu,1,7
Colombie-Britannique,"Bas salaire","Coastpak Industrial Co. Ltd.","North Vancouver, BC V7P 0A3","1523-Coordonnateurs de la logistique de la production",Inconnu,1,1
Colombie-Britannique,"Bas salaire","GE CleanCheck Ltd.","Kelowna, BC V1V 1P3","6315-Surveillants des services de nettoyage",Inconnu,1,3
Colombie-Britannique,"Bas salaire","GREAT CHOICE CONSTRUCTION & RENOVATION LTD.","SURREY, BC V3W 0W1","7611-Aides de soutien des métiers et manoeuvres en construction",Inconnu,1,2
Colombie-Britannique,"Bas salaire","Hollyburn Family Services Ltd","North Vancouver, BC V7M 1A5","1212-Superviseurs de commis de finance et d'assurance",Inconnu,1,1
Colombie-Britannique,"Bas salaire","InOrbit Immigration Services Inc.","Vernon, BC V1T 9L6","1241-Adjoints administratifs",Inconnu,1,2
Colombie-Britannique,"Bas salaire","LA STELLA FOODS MANUFACTURING LTD","BURNABY, BC V5J 4R6","9213-Surveillants dans la transformation des aliments, des boissons et des produits connexes",Inconnu,1,1
Colombie-Britannique,"Bas salaire","LANGLEY FOOD STOP","LANGLEY, BC V2Y 1A5","6211-Superviseurs des ventes - commerce de détail",Corporation,1,2
Colombie-Britannique,"Bas salaire","Pacific Clothing Recyclers Inc","Surrey, BC V4N 3N6","1241-Adjoints administratifs",Inconnu,1,1
Colombie-Britannique,"Bas salaire","Pacific Coast Express Limited","Surrey, BC V3V 3V7","1241-Adjoints administratifs",Inconnu,1,1
Colombie-Britannique,"Bas salaire","Pro Vita Care Management","Surrey, BC V3S 6T4","3413-Aides-infirmiers, aides-soignants et préposés aux bénéficiaires",Inconnu,1,10
Colombie-Britannique,"Bas salaire","Quantasphere Business Solutions Inc.","Burnaby, BC V5J 3J1","1241-Adjoints administratifs",Inconnu,1,1
Colombie-Britannique,"Bas salaire","Randhawa Farms Ltd","Abbotsford, BC V4X 2J7",7333-Électromécaniciens,Inconnu,1,1
Colombie-Britannique,"Bas salaire","Reposados Tacos Y Tequila Ltd.","Golden, BC V0A 1H0",6321-Chefs,Inconnu,1,1
Colombie-Britannique,"Bas salaire","Stepwise Immigration Services Ltd","Delta, BC V4C 0C1","1242-Adjoints administratifs juridiques",Inconnu,1,2
Colombie-Britannique,"Bas salaire","Tandoori Grill on Hill Inc.","Whistler, BC V8E 1B6","6711-Serveurs au comptoir, aides de cuisine et personnel de soutien assimilé",Inconnu,1,1
Colombie-Britannique,"Bas salaire","The Magic Cattle Guard Taps and Takeout Ltd","Sun Peaks, BC V0E 5N0","6311-Superviseurs des services alimentaires",Inconnu,1,1
Colombie-Britannique,"Bas salaire","TMT Dispatch Ltd.","Richmond, BC V6X 1Z7","1241-Adjoints administratifs",Inconnu,1,1
Colombie-Britannique,"Bas salaire","Tulio Renan Aviles Hernandez","Vancouver, BC V6A 1W6","7294-Peintres et décorateurs (sauf décorateurs d'intérieur)",Inconnu,1,3
Colombie-Britannique,"Bas salaire","zorbas bakery and foods (2005) ltd.","Burnaby, BC V5J 4S1","1221-Agents d'administration",Inconnu,1,1
Colombie-Britannique,"Haut salaire","0772185 B.C. Ltd.","Vancouver, BC V6B 2Z4","5131-Producteurs, réalisateurs, chorégraphes et personnel assimilé",Inconnu,1,1
Colombie-Britannique,"Haut salaire","0794743 BC Ltd","Victoria, BC V8V 2P8","1212-Superviseurs de commis de finance et d'assurance",Inconnu,1,1
Colombie-Britannique,"Haut salaire","1037736 BC LTD","Hope, BC V0X 1L4","6315-Surveillants des services de nettoyage",Inconnu,1,1
Colombie-Britannique,"Haut salaire","1361118 B.C. LTD.","Delta, BC V4C 2L7","2175-Concepteurs et développeurs Web",Inconnu,1,1
Colombie-Britannique,"Haut salaire","3 Star Tile & Stone Services  Ltd.","Surrey, BC V3V 5M2",7283-Carreleurs,Inconnu,1,1
Colombie-Britannique,"Haut salaire","A D Services Ltd.","SURREY, BC V3W 3E9","0013-Cadres supérieurs - services financiers, communications et autres services aux entreprises",Inconnu,1,1
Colombie-Britannique,"Haut salaire","A-2 Enterprises Ltd","Richmond, BC V6X 1T4","6211-Superviseurs des ventes - commerce de détail",Inconnu,1,1
Colombie-Britannique,"Haut salaire","Aarvi Transport Ltd.","Surrey, BC V3W 1R1","0016-Cadres supérieurs - construction, transport, production et services d'utilité publique",Inconnu,1,1
Colombie-Britannique,"Haut salaire","Access Pacific Enterprises LTD.","Richmond, BC V6V 0B7","0113-Directeurs des achats",Inconnu,1,1
Colombie-Britannique,"Haut salaire","ACTRONICS TECHNOLOGY SOLUTION INC.","Surrey, BC V3T 4Y2","2172-Analystes de bases de données et administrateurs de données",Inconnu,1,1
Colombie-Britannique,"Haut salaire","Aglign BC Development (Baillie) Corp","Vancouver, BC V6B 4N6","4163-Agents de développement économique, recherchistes et experts-conseils en marketing",Inconnu,1,1
Colombie-Britannique,"Haut salaire","Alliance Energy Consultants LTD","Burnaby, BC V5C 6C6","0125-Directeurs d'autres services aux entreprises",Inconnu,1,1
Colombie-Britannique,"Haut salaire","Autozone Diagnostics Ltd.","Surrey, BC V3W 4Z3","7321-Mécaniciens et réparateurs de véhicules automobiles, de camions et d'autobus",Inconnu,1,2
Colombie-Britannique,"Haut salaire","AYROOP MILLWORK & DESIGN LTD.","WEST VANCOUVER, BC V7S 2W1","5242-Designers d'intérieur et décorateurs d'intérieur",Inconnu,1,1
Colombie-Britannique,"Haut salaire","BAKERVIEW MEMORIAL CEMETRY LTD","LANGLEY, BC V4W 2P8","1241-Adjoints administratifs",Inconnu,1,2
Colombie-Britannique,"Haut salaire","Bang Bang Tang Consulting Service Ltd.","Burnaby, BC V5H 2A9","0125-Directeurs d'autres services aux entreprises",Inconnu,1,1
Colombie-Britannique,"Haut salaire","BIBIANA MENDOZA MARTINEZ D.B.A Manu Dei Transportation","Surrey, BC V3T 5T8","1215-Superviseurs du personnel de coordination de la chaîne d'approvisionnement, du suivi et des horaires",Inconnu,1,3
Colombie-Britannique,"Haut salaire","Blue Mars Logistics Ltd","Delta, BC V4G 1H5","1215-Superviseurs du personnel de coordination de la chaîne d'approvisionnement, du suivi et des horaires",Inconnu,1,1
Colombie-Britannique,"Haut salaire","Bones Pet Stores Inc","Vancouver, BC V6B 4Z8","0621-Directeurs - commerce de détail et de gros",Inconnu,1,1
Colombie-Britannique,"Haut salaire","BURMA TRANSPORT LTD.","Surrey, BC V3S 0W3","0016-Cadres supérieurs - construction, transport, production et services d'utilité publique",Inconnu,1,1
Colombie-Britannique,"Haut salaire","CAN ASIA ENTERPRISES LTD.","Surrey, BC V3T 2S9","0014-Cadres supérieurs - santé, enseignement, services sociaux et communautaires et associations mutuelles",Inconnu,1,1
Colombie-Britannique,"Haut salaire","Castores Builders Ltd.","Burnaby, BC V5C 0L2",7271-Charpentiers-menuisiers,Inconnu,1,15
Colombie-Britannique,"Haut salaire","Centura immigration Service Inc.","Surrey, BC V3W 1E6","1123-Professionnels en publicité, en marketing et en relations publiques",Inconnu,1,1
Colombie-Britannique,"Haut salaire","CHILLIWACK CHILDRENS ACADEMY LTD.","Chilliwack, BC V2R 3M9","1221-Agents d'administration",Inconnu,1,1
Colombie-Britannique,"Haut salaire","Cooperage Enterprises Inc.","Port Coquitlam, BC V3B 8B8","5131-Producteurs, réalisateurs, chorégraphes et personnel assimilé",Inconnu,1,1
Colombie-Britannique,"Haut salaire","Core Drywall Ltd.","Surrey, BC V3X 0E6","7284-Plâtriers, poseurs et finisseurs de systèmes intérieurs et latteurs",Inconnu,1,1
Colombie-Britannique,"Haut salaire","Curry Club Restaurant LTD.","Victoria, BC V8W 2H3","1221-Agents d'administration",Inconnu,1,1
Colombie-Britannique,"Haut salaire","EAGLE DISPOSAL INC.","RICHMOND, BC V6V 2K7","7521-Conducteurs d'équipement lourd (sauf les grues)",Inconnu,1,4
Colombie-Britannique,"Haut salaire","Ecological Park Agriculture Inc.","Richmond, BC V6W 1K8","2174-Programmeurs et développeurs en médias interactifs",Inconnu,1,1
Colombie-Britannique,"Haut salaire","Ehsan Sharenejad Personal Real Estate Corporation","Vancouver, BC V6J 1W8","1221-Agents d'administration",Inconnu,1,1
Colombie-Britannique,"Haut salaire","Enterpack paper & plastics ltd","North Vancouver, BC V7P 1E2","0111-Directeurs financiers",Inconnu,1,1
Colombie-Britannique,"Haut salaire","Fair Waves Coffee Inc","New Westminster, BC V3M 1B2","1221-Agents d'administration",Inconnu,1,1
Colombie-Britannique,"Haut salaire",Filmgroup,"Vancouver, BC V5T 1A7","5131-Producteurs, réalisateurs, chorégraphes et personnel assimilé",Corporation,5,5
Colombie-Britannique,"Haut salaire","Gaba Auto Detailing & Tires Ltd","Abbotsford, BC V2T 6K8","6315-Surveillants des services de nettoyage",Inconnu,1,1
Colombie-Britannique,"Haut salaire","Gold Maple Landscaping Inc.","Vancouver, BC V5X 1B7","8255-Entrepreneurs et superviseurs des services de l'aménagement paysager, de l'entretien des terrains et de l'horticulture",Inconnu,1,1
Colombie-Britannique,"Haut salaire","Golestan Bakers","West Vancouver, BC V7T 1B7","0621-Directeurs - commerce de détail et de gros",Inconnu,1,1
Colombie-Britannique,"Haut salaire","HAZEL CONSTRUCTIONS LTD","SURREY, BC V3W 1P7",7271-Charpentiers-menuisiers,Inconnu,1,2
Colombie-Britannique,"Haut salaire","HOME FORGE CONSTRUCTION LTD.","Burnaby, BC V5J 3J1","2264-Inspecteurs en construction",Inconnu,1,1
Colombie-Britannique,"Haut salaire","Home Idol Building Supplies Inc.","Vanvouver, BC V5M 2A6","2174-Programmeurs et développeurs en médias interactifs",Inconnu,1,1
Colombie-Britannique,"Haut salaire","Inline Truck repair ltd","SURREY, BC V3W 3H7","1123-Professionnels en publicité, en marketing et en relations publiques",Inconnu,1,1
Colombie-Britannique,"Haut salaire","Inline Truck repair ltd","SURREY, BC V3W 3H7","1215-Superviseurs du personnel de coordination de la chaîne d'approvisionnement, du suivi et des horaires",Inconnu,1,1
Colombie-Britannique,"Haut salaire","Island Lubricants Ltd.","Campbell River, BC V9W 3A6","1311-Techniciens en comptabilité et teneurs de livres",Inconnu,1,1
Colombie-Britannique,"Haut salaire","JR Wholesale Bakery Ltd.","Victoria, BC V9A 4T8","1241-Adjoints administratifs",Inconnu,1,1
Colombie-Britannique,"Haut salaire","JSG CONSULTING INC.","Surrey, BC V3S 7J2","1241-Adjoints administratifs",Inconnu,1,1
Colombie-Britannique,"Haut salaire","Kathy's Small Garden Company","SALT SPRING ISLAND, BC V8K 2M8","8255-Entrepreneurs et superviseurs des services de l'aménagement paysager, de l'entretien des terrains et de l'horticulture",Inconnu,1,1
Colombie-Britannique,"Haut salaire","KNIGHT HUB LTD.","SURREY, BC V3S 8A6","1221-Agents d'administration",Inconnu,1,1
Colombie-Britannique,"Haut salaire","KNIGHT HUB LTD.","SURREY, BC V3S 8A6","1311-Techniciens en comptabilité et teneurs de livres",Inconnu,1,1
Colombie-Britannique,"Haut salaire","lifestyle mattress lounge ltd","langley, BC V2Y 1M9","4163-Agents de développement économique, recherchistes et experts-conseils en marketing",Inconnu,1,1
Colombie-Britannique,"Haut salaire","LOOK4TUTOR INC.","Vancouver, BC V6J 1X1","4021-Enseignants au niveau collégial et autres instructeurs en formation professionnelle",Inconnu,1,1
Colombie-Britannique,"Haut salaire","Mahapreet Blueberry Farm Ltd","SURREY, BC V3X 3M8","1311-Techniciens en comptabilité et teneurs de livres",Corporation,1,1
Colombie-Britannique,"Haut salaire","Means of Production Inc","Vancouver, BC V5L 3X3","5131-Producteurs, réalisateurs, chorégraphes et personnel assimilé",Inconnu,3,3
Colombie-Britannique,"Haut salaire","MECO INDUSTRIAL LTD.","Vancouver, BC V6B 6E3","0125-Directeurs d'autres services aux entreprises",Inconnu,1,1
Colombie-Britannique,"Haut salaire","N.S.Kehal Inc.","Surrey, BC V3W 4E9","1212-Superviseurs de commis de finance et d'assurance",Inconnu,1,1
Colombie-Britannique,"Haut salaire","Nester Homes Ltd.","Surey, BC V3X 0H1","7611-Aides de soutien des métiers et manoeuvres en construction",Inconnu,1,2
Colombie-Britannique,"Haut salaire","New Way Mortgages Corp","Abbotsford, BC V2T 1X8","1221-Agents d'administration",Inconnu,1,1
Colombie-Britannique,"Haut salaire","NUMERO UNO CONSTRUCTION LTD.","DELTA, BC V4C 2A7",7271-Charpentiers-menuisiers,Inconnu,1,2
Colombie-Britannique,"Haut salaire","Q Victoria Pizza INC.","Victoria, BC V8Z 3G3","1221-Agents d'administration",Inconnu,1,1
Colombie-Britannique,"Haut salaire","Razor King Barber House & Hair Salon Inc","Surrey, BC V3W 4E9","1221-Agents d'administration",Inconnu,1,1
Colombie-Britannique,"Haut salaire","Regent Christian Academy Society","Surrey, BC V3S 2A6","4031-Enseignants au niveau secondaire",Inconnu,1,1
Colombie-Britannique,"Haut salaire","Ridgetechone Reinforcing Corp.","Burnaby, BC V5C 4T4","7236-Monteurs de charpentes métalliques",Inconnu,1,4
Colombie-Britannique,"Haut salaire","Royal Coast Immigration Consultancy Ltd.","Abbotsford, BC V2T 6S3","1221-Agents d'administration",Inconnu,1,1
Colombie-Britannique,"Haut salaire","RUBICON ORGANICS INCORPORATED","Vancouver, BC V6C 1A5","7311-Mécaniciens de chantier et mécaniciens industriels",Inconnu,1,1
Colombie-Britannique,"Haut salaire","SEA TO SKY PRECISION CONSTRUCTION LTD","Burnaby, BC V5A 4W2","0016-Cadres supérieurs - construction, transport, production et services d'utilité publique",Inconnu,1,1
Colombie-Britannique,"Haut salaire","Simon Transportation Ltd","ALDERGROVE, BC V4W 3R6","1215-Superviseurs du personnel de coordination de la chaîne d'approvisionnement, du suivi et des horaires",Inconnu,1,1
Colombie-Britannique,"Haut salaire","Stormtec Filtration Inc.","Delta, BC V3M 5R1",7452-Manutentionnaires,Inconnu,1,1
Colombie-Britannique,"Haut salaire","The Capital Media Company Inc.","Vancouver, BC V5Y 1N5","5131-Producteurs, réalisateurs, chorégraphes et personnel assimilé",Inconnu,6,6
Colombie-Britannique,"Haut salaire","TML Management Group Ltd.","Richmond, BC V6X 4C9","0013-Cadres supérieurs - services financiers, communications et autres services aux entreprises",Inconnu,1,1
Colombie-Britannique,"Haut salaire","TOKEN STUDIO INC.","Richmond, BC V6Y 2B6","2173-Ingénieurs et concepteurs en logiciel",Inconnu,1,1
Colombie-Britannique,"Haut salaire","Universal auto Collision Ltd.","Surrey, BC V3W 7T8","7322-Débosseleurs et réparateurs de carrosserie",Inconnu,1,1
Colombie-Britannique,"Haut salaire","Villamar Technical Services Ltd.","Saanichton, BC V8M 2A7","7202-Entrepreneurs et contremaîtres en électricité et en télécommunications",Inconnu,1,3
Colombie-Britannique,"Haut salaire","VISMIT ENTERPRISES LTD.","surrey, BC V3X 3P8","7511-Conducteurs de camions de transport",Inconnu,1,2
Colombie-Britannique,"Résident Permanent seulement","0852905 B.C. Ltd.","Vancouver, BC V6J 1W6",6332-Boulangers-pâtissiers,Inconnu,1,1
Colombie-Britannique,"Résident Permanent seulement","Cameron Land Surveying 2014 Ltd","SURREY, BC V3S 7A4","2254-Technologues et techniciens en arpentage",Inconnu,1,1
Colombie-Britannique,"Résident Permanent seulement","DIG Transport Ltd","Surrey, BC V3W 7J2","7511-Conducteurs de camions de transport",Inconnu,1,1
Colombie-Britannique,"Résident Permanent seulement","jjj foods ltd","port coquitlam, BC V3B 7Z1","0631-Directeurs de la restauration et des services alimentaires",Inconnu,1,1
Colombie-Britannique,"Résident Permanent seulement","K.P. LABOUR CONTRACTOR LTD.","Surrey, BC V3W 3A8","0013-Cadres supérieurs - services financiers, communications et autres services aux entreprises",Inconnu,1,1
Colombie-Britannique,"Résident Permanent seulement","New Surrey Cabinet Doors Ltd","Surrey, BC V3W 4M8",7272-Ébénistes,Inconnu,1,1
Colombie-Britannique,"Résident Permanent seulement","NL Enterprises Ltd.","Vancouver, BC V6Z 2R6","6311-Superviseurs des services alimentaires",Inconnu,1,1
Colombie-Britannique,"Résident Permanent seulement","Rise People","Burnaby, BC V5H  3Z","2282-Agents de soutien aux utilisateurs",Corporation,1,1
Colombie-Britannique,"Résident Permanent seulement","SHIRAZALI JUMANI INC.","Burnaby, BC V5G 3S4","1311-Techniciens en comptabilité et teneurs de livres",Inconnu,1,1
Colombie-Britannique,"Résident Permanent seulement","VB Immigration Consulting Inc","Vancouver, BC V6C 1J8","1241-Adjoints administratifs",Inconnu,1,1
Colombie-Britannique,"Talent mondial","Affinity Group","Vancouver, BC V5M 4X7","2281-Techniciens de réseau informatique",Corporation,1,1
Colombie-Britannique,"Talent mondial","Charsobe Food Group Ltd","Abbotfsord, BC V2T 1W4","2175-Concepteurs et développeurs Web",Inconnu,1,1
Yukon,"Résident Permanent seulement","Ground Truth Exploration Inc.","Dawson City, YT Y0B 1G0","2172-Analystes de bases de données et administrateurs de données",Inconnu,1,1
"Les employeurs exerçant leurs activités au Canada avec un siège social à l'extérieur du Canad","Haut salaire","Bob Industries LLC","Santa Monica, 90401","5131-Producteurs, réalisateurs, chorégraphes et personnel assimilé",Corporation,1,1
"Les employeurs exerçant leurs activités au Canada avec un siège social à l'extérieur du Canad","Haut salaire","Prettybird LLC F/K/A Pretty Bird Pictures Inc","CULVER CITY, 90232","5131-Producteurs, réalisateurs, chorégraphes et personnel assimilé",Corporation,1,2
"Les employeurs exerçant leurs activités au Canada avec un siège social à l'extérieur du Canad","Haut salaire","SPEAKEASY LLC","Sherman Oaks, 91423","5131-Producteurs, réalisateurs, chorégraphes et personnel assimilé",Corporation,1,1
Remarques:,,,,,,,
"1. Toutes les informations contenues dans ce rapport proviennent du système d'EIMT d'Emploi et Développement social Canada (EDSC).",,,,,,,
"2. Cette liste exclut tous les noms de personnes, tels que les employeurs d'aides-soignants ou les noms d'entreprises qui utilisent ou incluent des noms de personnes. Pour cette raison, la liste n'est pas complète et ne reflète pas tous les employeurs qui ont demandé ou reçu un LMIA. Si un employeur souhaite contacter l'ESDC au sujet de l'exactitude de ses informations, il peut s'adresser à NA-TFWP-PTET@hrsdc-rhdcc.gc.ca.  ",,,,,,,
"3. Les noms des employeurs sont entrés manuellement dans le Système et peuvent faire l’objet d’erreurs dans la saisie de donnée.           ",,,,,,,
"4. Le système de Classification nationale des professions (CNP) 2011, est utilisé depuis novembre 2016. Avant novembre 2016, les professions classifiées sous le CNP 2006 étaient converti selon les professions correspondantes sous le CNP 2011. Une concordance empirique développée par Statistique Canada a été utilisée pour identifier la classification équivalente.                                                                              ",,,,,,,
"5. À compter de la publication des données du quatrième trimestre 2023 (publié en avril 2024), toutes les EIMT à l'appui de la "" résidence permanente (RP) seulement "" sont incluses dans les statistiques du PTET, sauf indication contraire. Toutes les données trimestrielles de ce rapport incluent les EIMT de la RP uniquement. Les EIMT à double intention et les postes correspondants sont inclus dans leur volet respectif du PTET (p. ex., bas salaire, haut salaire, etc.), ce qui peut avoir une incidence sur les rapports du programme au fil du temps.",,,,,,,
"6. Le système EIMT suit uniquement les postes de TET, et non les TET qui obtiennent un permis de travail ou qui entrent au Canada. Ce ne sont pas tous les postes approuvés qui donnent lieu à un permis de travail ou à l'entrée d'un TET au Canada. Pour obtenir des renseignements sur le nombre de permis de travail délivrés, veuillez consulter le document Faits et chiffres d’Immigration, Réfugiés et Citoyenneté Canada (IRCC) : http://www.cic.gc.ca/francais/ressources/statistiques/menu-fait.asp",,,,,,,
"7. Les chiffres apparaissant dans ce communiqué peuvent différer légèrement de ceux rapportés dans les versions précédentes sur les statistiques de l'EIMT en raison des mises à jour des données qui se produisent au fil du temps.",,,,,,,
